id,city,title,rent_raw,size_raw
1005556,Berlin,Real Market Listing,1100.0,56.14
1005648,Hamburg,Real Market Listing,650.0,57.0
1004818,Berlin,Real Market Listing,448.55,53.86
1004532,Berlin,Real Market Listing,740.0,40.0
1005492,Berlin,Real Market Listing,500.0,37.14
1004080,München,Real Market Listing,1050.0,59.0
1000611,Berlin,Real Market Listing,228.41,32.63
1006434,Köln,Real Market Listing,830.0,16.0
1000096,Berlin,Real Market Listing,450.59,58.77
1002399,Berlin,Real Market Listing,760.0,58.0
1001002,Berlin,Real Market Listing,385.0,45.14
1000233,Hamburg,Real Market Listing,949.0,56.0
1006175,Berlin,Real Market Listing,500.0,59.16
1002417,München,Real Market Listing,1450.0,54.0
1003932,München,Real Market Listing,567.29,39.95
1000511,Köln,Real Market Listing,370.0,28.0
1006143,Hamburg,Real Market Listing,1370.0,58.0
1005712,Köln,Real Market Listing,285.0,20.0
1004686,Berlin,Real Market Listing,653.0,32.65
1003931,Hamburg,Real Market Listing,700.0,50.0
1003154,Hamburg,Real Market Listing,369.0,32.69
1000549,Berlin,Real Market Listing,1099.0,59.15
1001562,Berlin,Real Market Listing,404.0,25.25
1000132,Hamburg,Real Market Listing,380.0,42.0
1003424,Berlin,Real Market Listing,300.0,22.3
1002004,Berlin,Real Market Listing,631.0,54.0
1002542,Berlin,Real Market Listing,1250.0,52.0
1003010,Berlin,Real Market Listing,790.0,51.27
1003992,München,Real Market Listing,900.0,55.0
1006177,Berlin,Real Market Listing,849.29,36.14
1006135,Hamburg,Real Market Listing,473.02,40.36
1002697,Berlin,Real Market Listing,720.0,30.0
1002348,Köln,Real Market Listing,575.0,57.0
1003807,München,Real Market Listing,1070.0,56.0
1000544,Berlin,Real Market Listing,799.0,57.0
1002805,München,Real Market Listing,1180.0,59.0
1002114,Berlin,Real Market Listing,505.0,18.25
1003948,Berlin,Real Market Listing,1331.64,50.0
1000324,Berlin,Real Market Listing,515.0,54.77
1004471,Berlin,Real Market Listing,426.4,55.52
1003002,Köln,Real Market Listing,490.0,42.0
1005389,München,Real Market Listing,1300.0,30.0
1001393,Potsdam,Real Market Listing,469.0,25.0
1001097,Berlin,Real Market Listing,550.0,39.82
1005291,Berlin,Real Market Listing,551.95,43.29
1005325,Köln,Real Market Listing,600.0,58.0
1004692,Hamburg,Real Market Listing,1206.9,44.7
1001657,München,Real Market Listing,1100.0,32.0
1004237,Hamburg,Real Market Listing,1081.0,47.0
1001263,Berlin,Real Market Listing,399.0,34.0
1001702,Köln,Real Market Listing,531.42,25.31
1006038,Köln,Real Market Listing,440.0,21.0
1002232,Berlin,Real Market Listing,479.0,50.0
1001499,Berlin,Real Market Listing,608.0,38.0
1004129,Köln,Real Market Listing,740.0,41.0
1005273,Berlin,Real Market Listing,750.0,59.45
1003842,Berlin,Real Market Listing,405.75,54.1
1005837,Köln,Real Market Listing,799.0,47.0
1004256,Berlin,Real Market Listing,512.0,31.9
1005384,Berlin,Real Market Listing,1100.0,59.91
1000334,Köln,Real Market Listing,1190.0,55.0
1001345,Hamburg,Real Market Listing,850.0,50.0
1005920,Potsdam,Real Market Listing,330.0,20.4
1002155,München,Real Market Listing,1300.0,39.0
1006033,Hamburg,Real Market Listing,1225.0,48.9
1004753,Potsdam,Real Market Listing,698.04,58.17
1004653,Berlin,Real Market Listing,520.0,56.0
1003127,Berlin,Real Market Listing,630.0,57.6
1004655,Berlin,Real Market Listing,800.0,20.0
1006071,Hamburg,Real Market Listing,459.0,48.0
1001623,Berlin,Real Market Listing,970.0,36.0
1005862,München,Real Market Listing,1092.0,37.0
1004619,Berlin,Real Market Listing,602.98,59.76
1000393,Berlin,Real Market Listing,470.38,32.44
1006072,Köln,Real Market Listing,695.0,26.0
1003308,Hamburg,Real Market Listing,850.0,58.0
1004878,Hamburg,Real Market Listing,676.0,52.0
1004309,Berlin,Real Market Listing,715.0,54.94
1004392,Köln,Real Market Listing,780.0,58.0
1005461,Berlin,Real Market Listing,559.0,40.66
1002683,Hamburg,Real Market Listing,649.0,59.0
1000031,Berlin,Real Market Listing,640.0,11.0
1001872,Köln,Real Market Listing,430.0,35.0
1000812,Berlin,Real Market Listing,575.0,35.0
1002229,Berlin,Real Market Listing,950.0,24.0
1002142,Köln,Real Market Listing,480.0,49.0
1001507,Berlin,Real Market Listing,850.0,44.0
1006048,Berlin,Real Market Listing,805.0,48.7
1000800,Hamburg,Real Market Listing,500.0,34.18
1003109,Hamburg,Real Market Listing,400.0,18.0
1000401,München,Real Market Listing,760.0,59.0
1004331,Hamburg,Real Market Listing,799.0,52.0
1003399,Hamburg,Real Market Listing,1215.2,43.4
1004046,Hamburg,Real Market Listing,705.0,50.0
1001411,Hamburg,Real Market Listing,1050.0,58.0
1002087,Hamburg,Real Market Listing,520.0,50.0
1003857,Köln,Real Market Listing,550.0,40.0
1005631,Berlin,Real Market Listing,1450.0,51.59
1003855,München,Real Market Listing,820.0,24.0
1000239,München,Real Market Listing,900.0,39.0
1000023,Köln,Real Market Listing,690.0,17.0
1000994,München,Real Market Listing,1050.0,33.5
1003497,München,Real Market Listing,1190.0,36.0
1002522,Berlin,Real Market Listing,277.0,40.35
1006363,Berlin,Real Market Listing,629.0,57.35
1006099,München,Real Market Listing,622.79,48.34
1005341,Köln,Real Market Listing,590.0,48.0
1000706,Berlin,Real Market Listing,863.0,50.79
1000503,München,Real Market Listing,511.55,33.99
1005101,München,Real Market Listing,1100.0,46.0
1004884,Hamburg,Real Market Listing,510.0,34.0
1004717,Hamburg,Real Market Listing,760.0,57.0
1003044,Berlin,Real Market Listing,795.0,42.6
1005697,Hamburg,Real Market Listing,442.0,19.0
1003426,Köln,Real Market Listing,300.0,15.0
1001916,Berlin,Real Market Listing,824.0,32.0
1004414,München,Real Market Listing,1080.0,32.0
1001618,Köln,Real Market Listing,768.5,53.0
1004230,Berlin,Real Market Listing,575.0,15.0
1000247,München,Real Market Listing,745.0,42.0
1001905,Berlin,Real Market Listing,800.0,38.35
1002228,Berlin,Real Market Listing,531.0,48.0
1005811,Berlin,Real Market Listing,1200.0,58.0
1004766,München,Real Market Listing,1320.0,53.03
1002197,Köln,Real Market Listing,510.0,55.7
1001844,Berlin,Real Market Listing,479.0,51.0
1001385,Köln,Real Market Listing,340.0,40.0
1005737,München,Real Market Listing,851.0,37.0
1003460,Berlin,Real Market Listing,850.0,43.87
1002628,Berlin,Real Market Listing,912.0,48.0
1000960,Berlin,Real Market Listing,464.69,24.25
1003254,Berlin,Real Market Listing,687.01,47.38
1005085,Köln,Real Market Listing,344.88,43.11
1003773,München,Real Market Listing,945.54,51.11
1003745,Hamburg,Real Market Listing,479.0,36.0
1005286,München,Real Market Listing,690.0,44.0
1003927,Berlin,Real Market Listing,531.0,24.18
1004184,München,Real Market Listing,840.0,30.0
1002755,Berlin,Real Market Listing,1050.0,44.52
1005863,Köln,Real Market Listing,570.0,58.0
1002291,München,Real Market Listing,1290.0,22.0
1001103,Berlin,Real Market Listing,660.0,42.88
1005891,München,Real Market Listing,1200.0,58.0
1005395,München,Real Market Listing,900.0,32.0
1003946,Berlin,Real Market Listing,590.0,19.0
1001370,München,Real Market Listing,1000.0,37.0
1001174,Berlin,Real Market Listing,443.36,26.87
1002166,München,Real Market Listing,770.0,37.46
1005241,Berlin,Real Market Listing,848.0,56.12
1005551,Berlin,Real Market Listing,514.0,48.47
1002233,Berlin,Real Market Listing,797.5,55.0
1001966,München,Real Market Listing,1250.0,54.0
1006113,München,Real Market Listing,1162.0,46.5
1001161,Berlin,Real Market Listing,850.5,56.7
1003346,Berlin,Real Market Listing,470.0,19.5
1004084,München,Real Market Listing,1350.0,53.0
1004292,Köln,Real Market Listing,995.0,47.0
1001047,Berlin,Real Market Listing,600.0,35.0
1001820,Hamburg,Real Market Listing,600.0,59.0
1005694,München,Real Market Listing,920.0,28.0
1006322,Potsdam,Real Market Listing,769.0,50.97
1000080,Berlin,Real Market Listing,199.0,20.0
1004076,Köln,Real Market Listing,310.0,26.0
1004837,Berlin,Real Market Listing,728.0,58.25
1006089,München,Real Market Listing,1290.0,57.12
1004852,München,Real Market Listing,560.0,35.0
1002412,Köln,Real Market Listing,450.0,56.0
1001922,Berlin,Real Market Listing,396.2,35.63
1003313,Berlin,Real Market Listing,530.0,34.98
1001533,München,Real Market Listing,1350.0,33.0
1001223,Hamburg,Real Market Listing,1000.0,33.0
1002641,Berlin,Real Market Listing,750.0,43.0
1002132,Köln,Real Market Listing,850.0,54.68
1005634,Köln,Real Market Listing,535.0,50.0
1005513,Köln,Real Market Listing,475.0,25.0
1001352,Berlin,Real Market Listing,550.0,49.33
1002789,Köln,Real Market Listing,560.0,37.5
1002488,München,Real Market Listing,975.0,38.0
1002908,Potsdam,Real Market Listing,560.0,53.0
1004577,Hamburg,Real Market Listing,495.33,57.33
1004366,Berlin,Real Market Listing,621.0,54.0
1001954,Hamburg,Real Market Listing,990.0,38.0
1005049,Hamburg,Real Market Listing,788.9,56.96
1002534,Hamburg,Real Market Listing,1236.9,43.4
1006390,München,Real Market Listing,1326.0,55.38
1001512,Köln,Real Market Listing,650.0,14.0
1003680,München,Real Market Listing,1180.0,50.0
1004774,Köln,Real Market Listing,624.0,52.0
1001580,München,Real Market Listing,790.0,20.59
1005234,Berlin,Real Market Listing,540.0,27.01
1002654,Berlin,Real Market Listing,1080.0,38.0
1001867,Berlin,Real Market Listing,668.0,30.38
1003340,Berlin,Real Market Listing,650.0,50.0
1001074,Berlin,Real Market Listing,855.0,45.0
1003172,Berlin,Real Market Listing,537.13,50.0
1002094,Köln,Real Market Listing,296.0,37.0
1000263,Köln,Real Market Listing,375.0,17.0
1001825,Berlin,Real Market Listing,1075.0,53.75
1002115,Berlin,Real Market Listing,1000.0,59.0
1002020,Berlin,Real Market Listing,754.3,45.0
1006321,München,Real Market Listing,1050.0,26.0
1006479,Berlin,Real Market Listing,649.0,43.9
1003206,Berlin,Real Market Listing,699.0,48.5
1003491,Berlin,Real Market Listing,945.0,49.0
1005271,Berlin,Real Market Listing,420.0,51.0
1001330,München,Real Market Listing,790.0,36.0
1002552,Hamburg,Real Market Listing,340.0,33.5
1001175,Köln,Real Market Listing,700.0,57.0
1002942,Hamburg,Real Market Listing,579.0,21.22
1002091,München,Real Market Listing,550.0,20.0
1003045,Berlin,Real Market Listing,1110.0,57.0
1004141,Berlin,Real Market Listing,1120.0,56.0
1003671,Berlin,Real Market Listing,529.0,58.0
1005460,Berlin,Real Market Listing,670.0,46.0
1006036,München,Real Market Listing,990.0,46.63
1001650,Köln,Real Market Listing,304.59,43.94
1003682,Hamburg,Real Market Listing,628.0,56.0
1004989,Köln,Real Market Listing,450.0,48.0
1005155,Berlin,Real Market Listing,549.0,42.36
1005247,Berlin,Real Market Listing,850.0,41.9
1006307,Hamburg,Real Market Listing,625.0,49.8
1002827,Hamburg,Real Market Listing,480.0,27.0
1001374,Hamburg,Real Market Listing,740.0,14.0
1000746,München,Real Market Listing,1185.0,36.0
1001782,Berlin,Real Market Listing,990.0,33.0
1003583,Hamburg,Real Market Listing,600.0,39.0
1000088,Berlin,Real Market Listing,400.0,40.29
1003240,Berlin,Real Market Listing,800.0,57.0
1005452,München,Real Market Listing,587.37,32.43
1000469,Berlin,Real Market Listing,419.0,42.0
1000217,Köln,Real Market Listing,450.0,40.0
1000828,Hamburg,Real Market Listing,770.0,58.0
1000156,Berlin,Real Market Listing,1230.0,40.0
1005951,Hamburg,Real Market Listing,730.0,44.76
1000381,Berlin,Real Market Listing,575.0,35.0
1000230,München,Real Market Listing,970.0,33.0
1005967,München,Real Market Listing,1250.0,55.0
1004500,Berlin,Real Market Listing,570.0,40.0
1002239,Berlin,Real Market Listing,501.26,56.48
1002865,Berlin,Real Market Listing,735.0,28.0
1001412,Berlin,Real Market Listing,481.25,57.87
1000468,Berlin,Real Market Listing,382.76,52.0
1004828,Berlin,Real Market Listing,605.0,56.58
1000198,München,Real Market Listing,1290.0,45.0
1005027,Köln,Real Market Listing,485.0,24.0
1005485,München,Real Market Listing,965.0,58.72
1001883,München,Real Market Listing,700.0,27.33
1003599,Berlin,Real Market Listing,660.0,51.0
1002584,Berlin,Real Market Listing,689.0,56.0
1001671,Hamburg,Real Market Listing,358.61,58.0
1001599,Berlin,Real Market Listing,471.21,33.9
1000764,Berlin,Real Market Listing,678.0,28.9
1004233,Berlin,Real Market Listing,1001.47,54.88
1005908,München,Real Market Listing,850.0,44.0
1001261,München,Real Market Listing,740.0,12.0
1005045,München,Real Market Listing,1100.0,34.0
1002275,Hamburg,Real Market Listing,600.0,57.0
1001049,Berlin,Real Market Listing,1400.0,56.62
1004074,Berlin,Real Market Listing,338.82,52.94
1002225,Köln,Real Market Listing,710.59,38.09
1000752,Köln,Real Market Listing,699.0,30.0
1005208,Berlin,Real Market Listing,600.0,38.0
1002707,Berlin,Real Market Listing,734.5,56.5
1004367,Hamburg,Real Market Listing,475.0,34.0
1004304,Berlin,Real Market Listing,271.91,36.5
1001038,Köln,Real Market Listing,429.0,34.3
1000476,München,Real Market Listing,790.0,31.09
1000622,Berlin,Real Market Listing,750.0,42.95
1002742,Hamburg,Real Market Listing,780.0,58.0
1004950,Berlin,Real Market Listing,447.3,42.6
1004712,Köln,Real Market Listing,510.0,35.0
1000435,Hamburg,Real Market Listing,380.07,32.63
1006055,München,Real Market Listing,800.0,32.37
1000676,Köln,Real Market Listing,440.0,40.0
1005533,Berlin,Real Market Listing,981.0,52.5
1004394,München,Real Market Listing,990.0,50.0
1006179,Berlin,Real Market Listing,658.0,58.41
1001039,Berlin,Real Market Listing,578.0,42.0
1001666,Berlin,Real Market Listing,750.0,51.03
1003089,Köln,Real Market Listing,650.0,58.0
1000208,Berlin,Real Market Listing,838.0,49.31
1004581,Berlin,Real Market Listing,499.0,42.0
1006284,München,Real Market Listing,1200.0,56.0
1002758,München,Real Market Listing,1380.0,38.0
1003971,Köln,Real Market Listing,470.0,42.0
1006173,München,Real Market Listing,850.0,45.0
1006163,Berlin,Real Market Listing,790.0,56.35
1001158,Köln,Real Market Listing,1260.0,42.0
1003121,Berlin,Real Market Listing,590.0,50.0
1001600,Köln,Real Market Listing,399.0,20.0
1002457,Berlin,Real Market Listing,814.0,48.2
1003898,Berlin,Real Market Listing,406.0,58.0
1003523,Köln,Real Market Listing,485.0,50.0
1006415,Berlin,Real Market Listing,585.0,30.0
1005008,München,Real Market Listing,1450.0,57.0
1002304,München,Real Market Listing,630.0,42.0
1003199,München,Real Market Listing,1150.0,28.0
1003552,Hamburg,Real Market Listing,602.0,41.16
1006361,München,Real Market Listing,990.0,56.0
1004814,Berlin,Real Market Listing,1090.0,50.43
1002855,Berlin,Real Market Listing,747.0,54.09
1005501,München,Real Market Listing,1300.0,43.0
1002955,Berlin,Real Market Listing,790.0,12.0
1003181,Hamburg,Real Market Listing,730.0,53.0
1003700,München,Real Market Listing,989.0,36.0
1005503,München,Real Market Listing,577.0,28.0
1003150,Berlin,Real Market Listing,555.63,44.45
1003785,Berlin,Real Market Listing,344.81,50.56
1002523,Berlin,Real Market Listing,573.57,59.45
1001760,München,Real Market Listing,561.8,14.7
1002333,München,Real Market Listing,900.0,55.0
1006093,Berlin,Real Market Listing,526.11,27.69
1005812,Hamburg,Real Market Listing,333.17,29.38
1000534,Berlin,Real Market Listing,269.25,32.0
1002481,Berlin,Real Market Listing,439.4,57.64
1003231,Köln,Real Market Listing,800.0,58.0
1005738,Berlin,Real Market Listing,585.0,40.0
1005319,Hamburg,Real Market Listing,1340.0,57.0
1001881,Berlin,Real Market Listing,800.0,40.0
1003846,Hamburg,Real Market Listing,515.8,40.8
1004343,München,Real Market Listing,1250.0,54.5
1000957,Berlin,Real Market Listing,665.0,44.2
1002022,Berlin,Real Market Listing,821.5,53.0
1005396,Berlin,Real Market Listing,539.0,48.69
1002375,Hamburg,Real Market Listing,750.0,32.0
1005230,Berlin,Real Market Listing,606.0,40.39
1001079,München,Real Market Listing,650.0,45.0
1004995,Berlin,Real Market Listing,454.96,47.89
1003299,Köln,Real Market Listing,650.0,50.0
1000037,Berlin,Real Market Listing,503.87,57.33
1006108,Berlin,Real Market Listing,590.0,38.0
1003438,Berlin,Real Market Listing,1000.0,42.0
1006067,Berlin,Real Market Listing,416.73,49.67
1000296,Berlin,Real Market Listing,812.0,56.0
1002883,Köln,Real Market Listing,673.21,34.67
1002653,Hamburg,Real Market Listing,550.0,54.07
1001407,Köln,Real Market Listing,765.0,45.0
1001643,Berlin,Real Market Listing,511.44,55.27
1003975,Berlin,Real Market Listing,825.0,53.0
1005171,München,Real Market Listing,568.16,40.67
1006138,Köln,Real Market Listing,530.0,45.0
1004112,München,Real Market Listing,210.0,30.0
1000585,München,Real Market Listing,1050.0,18.0
1002133,Berlin,Real Market Listing,451.0,35.27
1005766,Berlin,Real Market Listing,417.44,51.0
1005087,Berlin,Real Market Listing,252.28,29.0
1001595,Berlin,Real Market Listing,567.0,54.05
1000712,Berlin,Real Market Listing,499.21,59.36
1004483,Berlin,Real Market Listing,601.0,30.86
1004626,Berlin,Real Market Listing,452.7,45.27
1005554,München,Real Market Listing,599.0,20.0
1004081,München,Real Market Listing,1050.0,27.0
1004582,Berlin,Real Market Listing,450.0,20.0
1000496,Berlin,Real Market Listing,378.38,45.5
1003288,Berlin,Real Market Listing,561.0,20.5
1005156,Berlin,Real Market Listing,1000.0,55.0
1003238,Hamburg,Real Market Listing,735.0,53.29
1001672,München,Real Market Listing,1270.0,27.0
1001729,Hamburg,Real Market Listing,307.0,23.61
1003014,Berlin,Real Market Listing,1000.0,45.0
1001860,Köln,Real Market Listing,670.0,56.5
1002592,Berlin,Real Market Listing,649.0,50.22
1003303,München,Real Market Listing,730.0,13.0
1002471,Köln,Real Market Listing,855.0,57.0
1004870,Berlin,Real Market Listing,429.8,20.47
1000346,Hamburg,Real Market Listing,724.0,51.73
1001335,Köln,Real Market Listing,660.0,55.0
1003827,Berlin,Real Market Listing,430.75,34.46
1004077,Berlin,Real Market Listing,539.0,49.0
1001566,Berlin,Real Market Listing,419.18,49.99
1002227,Hamburg,Real Market Listing,675.0,26.0
1001406,Hamburg,Real Market Listing,536.5,37.0
1000157,Berlin,Real Market Listing,976.0,57.4
1000351,Köln,Real Market Listing,410.0,24.0
1003480,München,Real Market Listing,850.0,32.0
1003311,München,Real Market Listing,1050.0,28.95
1006355,München,Real Market Listing,970.0,55.0
1002157,Berlin,Real Market Listing,448.0,18.0
1005289,Berlin,Real Market Listing,491.92,50.56
1004528,Hamburg,Real Market Listing,530.0,53.19
1002447,Potsdam,Real Market Listing,356.5,20.5
1001550,Köln,Real Market Listing,549.0,26.38
1004525,Berlin,Real Market Listing,447.98,27.15
1006003,Berlin,Real Market Listing,371.42,29.5
1000625,Köln,Real Market Listing,850.0,25.0
1005035,Berlin,Real Market Listing,690.0,59.94
1002083,Potsdam,Real Market Listing,261.58,11.0
1003196,Berlin,Real Market Listing,430.0,42.0
1001225,Berlin,Real Market Listing,654.0,32.7
1001192,Berlin,Real Market Listing,868.0,54.25
1001835,Berlin,Real Market Listing,333.99,42.17
1004357,Berlin,Real Market Listing,749.0,58.71
1001197,Berlin,Real Market Listing,850.0,50.5
1001831,Köln,Real Market Listing,250.0,25.0
1003418,Berlin,Real Market Listing,395.84,38.31
1003892,Berlin,Real Market Listing,689.0,43.0
1000535,Berlin,Real Market Listing,398.05,41.9
1001558,Berlin,Real Market Listing,380.0,55.0
1000079,Köln,Real Market Listing,580.0,50.0
1000167,Berlin,Real Market Listing,791.68,49.48
1005379,Berlin,Real Market Listing,1222.0,47.0
1006103,Köln,Real Market Listing,750.0,58.55
1005061,Berlin,Real Market Listing,585.0,25.05
1004951,München,Real Market Listing,795.0,39.3
1004674,München,Real Market Listing,690.0,25.0
1003012,Berlin,Real Market Listing,1000.0,54.0
1000604,Berlin,Real Market Listing,746.32,53.99
1000179,München,Real Market Listing,530.0,17.89
1000378,Berlin,Real Market Listing,415.14,47.17
1004635,München,Real Market Listing,850.0,23.0
1002954,Köln,Real Market Listing,940.0,47.1
1002164,Berlin,Real Market Listing,399.55,48.56
1005017,München,Real Market Listing,890.0,50.0
1000538,Hamburg,Real Market Listing,590.0,40.33
1005217,Berlin,Real Market Listing,1080.0,57.25
1003007,Berlin,Real Market Listing,469.25,57.79
1005897,Berlin,Real Market Listing,569.0,55.5
1002276,Berlin,Real Market Listing,1215.0,57.84
1002283,Berlin,Real Market Listing,579.0,55.47
1004772,München,Real Market Listing,790.0,22.3
1001509,München,Real Market Listing,1130.0,46.27
1000050,Berlin,Real Market Listing,625.0,30.44
1003542,Berlin,Real Market Listing,582.0,44.6
1004319,Berlin,Real Market Listing,655.0,51.0
1004128,Köln,Real Market Listing,325.0,36.0
1001056,Berlin,Real Market Listing,453.22,49.79
1002338,Berlin,Real Market Listing,780.0,33.66
1004645,München,Real Market Listing,820.0,24.0
1005165,Berlin,Real Market Listing,567.93,51.63
1001242,Berlin,Real Market Listing,800.25,48.5
1000308,Hamburg,Real Market Listing,460.0,19.0
1001405,Berlin,Real Market Listing,1400.0,55.0
1000982,Berlin,Real Market Listing,488.0,31.22
1001468,Berlin,Real Market Listing,749.77,53.67
1003383,Berlin,Real Market Listing,575.0,53.0
1000465,Berlin,Real Market Listing,870.0,36.85
1005488,Köln,Real Market Listing,590.0,43.74
1003774,Köln,Real Market Listing,600.0,48.0
1003664,Berlin,Real Market Listing,819.11,54.21
1000842,Berlin,Real Market Listing,591.0,41.84
1003213,Berlin,Real Market Listing,710.0,14.0
1002689,Köln,Real Market Listing,1090.0,33.0
1004808,Köln,Real Market Listing,750.0,54.0
1003877,Hamburg,Real Market Listing,700.0,54.45
1004030,Hamburg,Real Market Listing,641.0,49.27
1002264,Köln,Real Market Listing,410.0,26.0
1004332,Berlin,Real Market Listing,880.0,56.15
1002002,Hamburg,Real Market Listing,750.0,56.92
1003386,Hamburg,Real Market Listing,480.0,53.0
1006447,Berlin,Real Market Listing,570.0,45.0
1003429,München,Real Market Listing,1015.0,40.54
1002226,Berlin,Real Market Listing,426.78,55.92
1000093,Berlin,Real Market Listing,1295.62,58.23
1006428,Berlin,Real Market Listing,670.14,30.67
1003065,Köln,Real Market Listing,620.0,37.0
1001183,Berlin,Real Market Listing,330.0,39.0
1006552,Berlin,Real Market Listing,475.0,57.0
1004055,Berlin,Real Market Listing,712.0,50.0
1000322,Berlin,Real Market Listing,993.82,58.46
1000248,Köln,Real Market Listing,620.0,53.0
1001498,Hamburg,Real Market Listing,586.0,40.0
1002664,Berlin,Real Market Listing,645.0,49.19
1003349,Köln,Real Market Listing,440.0,19.0
1001410,München,Real Market Listing,1300.0,52.0
1000747,München,Real Market Listing,895.0,33.0
1000756,Hamburg,Real Market Listing,495.0,30.0
1002862,München,Real Market Listing,1040.0,52.0
1002404,München,Real Market Listing,1150.0,30.0
1001357,Hamburg,Real Market Listing,710.0,53.0
1001768,Hamburg,Real Market Listing,1250.0,36.0
1000091,Hamburg,Real Market Listing,414.0,36.0
1005802,München,Real Market Listing,800.0,30.0
1000318,Berlin,Real Market Listing,499.77,38.6
1005427,Köln,Real Market Listing,615.0,41.0
1001544,Berlin,Real Market Listing,333.59,51.48
1002771,München,Real Market Listing,1260.0,56.0
1003443,Berlin,Real Market Listing,980.0,54.28
1000491,Berlin,Real Market Listing,600.0,58.4
1000755,München,Real Market Listing,950.0,33.74
1001978,München,Real Market Listing,750.0,34.0
1003408,Berlin,Real Market Listing,550.0,48.0
1000017,Hamburg,Real Market Listing,480.0,45.77
1000561,Hamburg,Real Market Listing,695.0,42.51
1002168,München,Real Market Listing,950.0,40.05
1005443,Berlin,Real Market Listing,675.0,52.0
1003023,München,Real Market Listing,1250.0,55.0
1000763,München,Real Market Listing,1200.0,34.0
1002531,Hamburg,Real Market Listing,859.65,57.31
1006124,München,Real Market Listing,600.0,32.0
1001360,München,Real Market Listing,645.0,45.0
1002031,Hamburg,Real Market Listing,499.0,41.96
1004165,Köln,Real Market Listing,666.0,56.0
1001446,Hamburg,Real Market Listing,550.0,32.0
1001188,Hamburg,Real Market Listing,1150.0,38.0
1002351,Hamburg,Real Market Listing,775.0,58.4
1001034,München,Real Market Listing,1000.0,45.0
1005953,Hamburg,Real Market Listing,159.68,30.0
1003543,Berlin,Real Market Listing,677.63,50.2
1005665,Berlin,Real Market Listing,480.0,24.19
1003295,Berlin,Real Market Listing,995.0,51.0
1000472,Köln,Real Market Listing,460.0,25.0
1001219,Berlin,Real Market Listing,540.0,20.0
1003660,Berlin,Real Market Listing,560.0,16.0
1005081,Berlin,Real Market Listing,770.0,58.0
1005469,Berlin,Real Market Listing,619.0,55.4
1004706,Hamburg,Real Market Listing,569.0,35.6
1003381,Hamburg,Real Market Listing,520.0,38.0
1000265,Berlin,Real Market Listing,454.19,54.07
1003317,Potsdam,Real Market Listing,605.0,57.5
1002885,Berlin,Real Market Listing,334.02,47.15
1001921,Berlin,Real Market Listing,741.0,32.2
1005369,Berlin,Real Market Listing,351.53,48.79
1003861,München,Real Market Listing,1100.0,53.0
1005570,Köln,Real Market Listing,562.32,24.85
1004438,Berlin,Real Market Listing,575.0,35.0
1000014,Berlin,Real Market Listing,1080.0,59.9
1004570,Berlin,Real Market Listing,402.04,42.77
1005434,Berlin,Real Market Listing,648.0,53.96
1000683,Berlin,Real Market Listing,502.47,55.83
1000008,Potsdam,Real Market Listing,540.0,59.98
1002210,Berlin,Real Market Listing,850.0,55.0
1000864,München,Real Market Listing,1350.0,36.0
1000332,München,Real Market Listing,830.0,41.0
1001115,Köln,Real Market Listing,495.0,33.0
1001212,Berlin,Real Market Listing,355.39,48.0
1002410,Berlin,Real Market Listing,800.0,47.76
1002598,Köln,Real Market Listing,680.0,46.0
1005023,Hamburg,Real Market Listing,398.0,38.14
1001765,Köln,Real Market Listing,590.0,42.0
1000996,Potsdam,Real Market Listing,275.0,35.0
1004382,Köln,Real Market Listing,740.0,24.0
1002153,Berlin,Real Market Listing,530.0,50.0
1003625,Berlin,Real Market Listing,724.02,43.88
1000865,Berlin,Real Market Listing,231.79,32.5
1002441,Berlin,Real Market Listing,300.0,23.0
1002370,Hamburg,Real Market Listing,935.0,51.95
1006486,Köln,Real Market Listing,850.0,50.0
1003734,Berlin,Real Market Listing,1000.0,50.0
1000681,Hamburg,Real Market Listing,417.0,41.77
1002364,Hamburg,Real Market Listing,540.0,19.1
1001578,Hamburg,Real Market Listing,398.0,33.24
1003043,München,Real Market Listing,1150.0,22.0
1001575,Hamburg,Real Market Listing,528.0,48.0
1006357,Hamburg,Real Market Listing,800.0,45.0
1003297,München,Real Market Listing,1050.0,40.0
1004228,Berlin,Real Market Listing,650.0,50.0
1002559,Hamburg,Real Market Listing,320.0,29.28
1000196,Berlin,Real Market Listing,749.0,38.0
1004398,Berlin,Real Market Listing,675.0,27.0
1001362,Berlin,Real Market Listing,414.12,59.5
1001436,Berlin,Real Market Listing,1035.24,55.0
1003473,Berlin,Real Market Listing,311.63,48.0
1000432,Berlin,Real Market Listing,500.0,30.0
1005064,Hamburg,Real Market Listing,1100.0,48.0
1000805,Berlin,Real Market Listing,553.47,48.64
1001632,Köln,Real Market Listing,790.0,22.0
1005749,Köln,Real Market Listing,815.0,57.0
1004647,Berlin,Real Market Listing,987.0,46.0
1000084,München,Real Market Listing,900.0,30.0
1004997,Berlin,Real Market Listing,493.0,55.0
1004684,Köln,Real Market Listing,722.11,25.31
1002317,Potsdam,Real Market Listing,750.0,50.0
1000425,Berlin,Real Market Listing,550.0,39.9
1004313,Berlin,Real Market Listing,545.0,24.19
1002251,Potsdam,Real Market Listing,500.0,48.0
1005403,München,Real Market Listing,1250.0,43.58
1006365,Berlin,Real Market Listing,486.68,57.4
1001617,Berlin,Real Market Listing,547.56,50.7
1003771,Köln,Real Market Listing,620.0,55.0
1004879,Berlin,Real Market Listing,551.0,53.96
1004264,München,Real Market Listing,1400.0,55.0
1004163,Berlin,Real Market Listing,810.0,35.0
1005623,Berlin,Real Market Listing,799.0,57.4
1000185,Köln,Real Market Listing,710.59,38.09
1005349,Köln,Real Market Listing,1490.0,58.43
1003047,Berlin,Real Market Listing,384.69,46.07
1006206,Köln,Real Market Listing,550.0,57.19
1006527,Berlin,Real Market Listing,698.0,58.0
1005548,Berlin,Real Market Listing,890.0,48.0
1005128,München,Real Market Listing,1400.0,53.16
1000486,München,Real Market Listing,1290.0,51.6
1004507,München,Real Market Listing,1400.0,38.35
1004793,München,Real Market Listing,1300.0,52.0
1004307,Berlin,Real Market Listing,578.6,52.6
1006088,Berlin,Real Market Listing,588.0,56.0
1003641,München,Real Market Listing,747.22,57.64
1001452,Berlin,Real Market Listing,890.0,17.0
1001046,Berlin,Real Market Listing,880.0,52.0
1002572,Berlin,Real Market Listing,495.0,47.0
1006388,München,Real Market Listing,480.0,28.37
1000228,Berlin,Real Market Listing,505.0,40.07
1005622,München,Real Market Listing,1200.0,48.0
1002045,Köln,Real Market Listing,550.0,40.0
1004108,Köln,Real Market Listing,630.0,33.66
1001699,Berlin,Real Market Listing,594.0,53.95
1001244,Köln,Real Market Listing,440.0,22.0
1002185,München,Real Market Listing,1190.0,58.98
1002638,Hamburg,Real Market Listing,600.0,55.92
1004056,Hamburg,Real Market Listing,454.16,54.12
1004771,München,Real Market Listing,1450.0,30.0
1001181,Köln,Real Market Listing,490.0,51.0
1003551,Hamburg,Real Market Listing,1150.0,57.0
1002680,Potsdam,Real Market Listing,840.0,54.0
1002986,Berlin,Real Market Listing,850.0,40.0
1001090,Berlin,Real Market Listing,566.45,56.14
1003159,Hamburg,Real Market Listing,1040.0,52.0
1000254,Berlin,Real Market Listing,341.24,50.78
1003794,Hamburg,Real Market Listing,438.0,36.0
1003917,München,Real Market Listing,989.0,56.3
1000221,Berlin,Real Market Listing,329.0,33.0
1006213,Berlin,Real Market Listing,599.0,55.25
1001741,Berlin,Real Market Listing,310.0,31.78
1000065,Köln,Real Market Listing,495.0,54.0
1002505,Hamburg,Real Market Listing,399.9,43.0
1002103,Berlin,Real Market Listing,1250.0,55.28
1002098,Köln,Real Market Listing,990.0,40.0
1002776,Hamburg,Real Market Listing,960.5,56.5
1004490,Köln,Real Market Listing,610.0,52.0
1001721,Köln,Real Market Listing,896.0,56.0
1000743,Hamburg,Real Market Listing,308.28,42.0
1004464,Berlin,Real Market Listing,925.0,37.0
1003053,Berlin,Real Market Listing,350.0,36.0
1004126,Berlin,Real Market Listing,287.26,41.0
1003816,München,Real Market Listing,1450.0,57.0
1001022,Hamburg,Real Market Listing,900.0,59.0
1002915,Berlin,Real Market Listing,600.0,42.51
1004329,Hamburg,Real Market Listing,1244.25,55.3
1005405,München,Real Market Listing,990.0,33.0
1002328,Köln,Real Market Listing,780.0,21.0
1005010,Köln,Real Market Listing,1350.0,40.0
1006335,Köln,Real Market Listing,1400.0,30.0
1000376,Berlin,Real Market Listing,699.0,58.0
1000543,Berlin,Real Market Listing,1199.0,52.0
1000932,Köln,Real Market Listing,440.0,22.0
1000291,Berlin,Real Market Listing,386.0,32.86
1002312,Berlin,Real Market Listing,427.7,32.9
1003428,Berlin,Real Market Listing,450.0,40.0
1003755,Hamburg,Real Market Listing,540.0,56.5
1001803,Berlin,Real Market Listing,779.0,39.0
1000177,München,Real Market Listing,1035.0,53.0
1003478,Berlin,Real Market Listing,599.0,38.89
1005416,Hamburg,Real Market Listing,550.0,36.0
1004169,Berlin,Real Market Listing,483.02,54.64
1005021,Berlin,Real Market Listing,877.2,51.6
1000501,Berlin,Real Market Listing,504.0,28.0
1002699,Hamburg,Real Market Listing,430.0,35.68
1006096,Berlin,Real Market Listing,994.39,54.19
1004990,Köln,Real Market Listing,395.0,37.0
1003515,München,Real Market Listing,770.0,24.9
1006060,Köln,Real Market Listing,482.5,35.0
1003355,Berlin,Real Market Listing,1150.0,56.79
1003334,Hamburg,Real Market Listing,533.0,38.0
1004796,München,Real Market Listing,820.0,42.11
1005093,Köln,Real Market Listing,375.0,25.0
1001535,Berlin,Real Market Listing,620.0,11.0
1006318,Berlin,Real Market Listing,405.0,57.06
1005119,Köln,Real Market Listing,495.0,44.0
1000168,München,Real Market Listing,1080.0,14.0
1005422,Hamburg,Real Market Listing,453.87,41.0
1003286,Berlin,Real Market Listing,1050.0,50.0
1005522,Köln,Real Market Listing,582.93,28.34
1003589,München,Real Market Listing,840.0,40.0
1001375,Berlin,Real Market Listing,399.0,11.0
1000319,München,Real Market Listing,1350.0,37.0
1006165,Berlin,Real Market Listing,302.05,38.39
1003026,Köln,Real Market Listing,428.0,34.25
1004323,Köln,Real Market Listing,848.0,53.0
1004024,Berlin,Real Market Listing,550.0,48.0
1003187,Berlin,Real Market Listing,681.3,59.9
1001858,München,Real Market Listing,1145.0,54.01
1006226,München,Real Market Listing,1230.0,54.16
1000506,Hamburg,Real Market Listing,788.0,44.0
1002077,München,Real Market Listing,1050.0,26.11
1005633,Hamburg,Real Market Listing,850.0,50.0
1000216,Potsdam,Real Market Listing,588.33,56.57
1004934,Köln,Real Market Listing,410.0,51.0
1004732,Berlin,Real Market Listing,434.58,50.78
1003601,München,Real Market Listing,930.0,18.0
1002941,Berlin,Real Market Listing,639.4,46.0
1005398,Berlin,Real Market Listing,592.23,59.86
1003786,Berlin,Real Market Listing,456.0,51.53
1000696,Hamburg,Real Market Listing,445.0,40.71
1002985,München,Real Market Listing,1200.0,33.0
1000333,Köln,Real Market Listing,390.0,50.0
1005803,Köln,Real Market Listing,920.0,35.0
1006547,Potsdam,Real Market Listing,420.0,51.7
1004338,Berlin,Real Market Listing,870.0,47.0
1004680,Berlin,Real Market Listing,489.0,36.0
1006131,München,Real Market Listing,1250.0,55.0
1003658,Berlin,Real Market Listing,800.0,54.61
1001973,München,Real Market Listing,1095.0,30.0
1001871,Berlin,Real Market Listing,1499.0,47.2
1004210,München,Real Market Listing,1200.0,52.1
1005884,München,Real Market Listing,1200.0,35.0
1004241,Berlin,Real Market Listing,536.0,37.8
1000437,Berlin,Real Market Listing,1030.0,55.0
1005601,Köln,Real Market Listing,650.0,27.0
1002034,Köln,Real Market Listing,760.0,22.0
1004273,Berlin,Real Market Listing,559.0,55.98
1004600,Berlin,Real Market Listing,696.0,58.15
1003204,Berlin,Real Market Listing,700.0,30.5
1004922,Köln,Real Market Listing,650.0,55.0
1002836,Hamburg,Real Market Listing,449.0,30.5
1003947,Köln,Real Market Listing,400.0,20.0
1000259,Hamburg,Real Market Listing,555.0,38.0
1004768,München,Real Market Listing,700.0,19.2
1004303,Köln,Real Market Listing,710.0,12.0
1001199,Hamburg,Real Market Listing,640.0,57.4
1002801,Köln,Real Market Listing,415.0,44.0
1004557,Köln,Real Market Listing,740.0,35.0
1004672,Hamburg,Real Market Listing,600.0,59.0
1006150,Berlin,Real Market Listing,780.0,56.5
1000599,München,Real Market Listing,630.0,30.0
1000045,Berlin,Real Market Listing,400.0,30.0
1005507,Berlin,Real Market Listing,1083.56,57.79
1005857,Berlin,Real Market Listing,499.0,50.0
1004328,Hamburg,Real Market Listing,990.0,36.0
1004159,Berlin,Real Market Listing,569.0,54.5
1005921,Hamburg,Real Market Listing,590.0,57.45
1000323,Köln,Real Market Listing,1190.0,59.0
1006314,Berlin,Real Market Listing,720.0,29.01
1005607,Hamburg,Real Market Listing,650.0,45.0
1003082,Berlin,Real Market Listing,545.0,23.16
1006268,Berlin,Real Market Listing,660.0,32.0
1002477,München,Real Market Listing,1000.0,47.0
1005084,Berlin,Real Market Listing,299.9,47.4
1004943,Köln,Real Market Listing,485.0,50.0
1001545,München,Real Market Listing,700.0,24.0
1000231,Köln,Real Market Listing,540.0,50.0
1000576,Berlin,Real Market Listing,465.0,19.5
1002346,Berlin,Real Market Listing,545.0,42.2
1002284,Berlin,Real Market Listing,599.0,51.0
1000447,Hamburg,Real Market Listing,830.0,53.0
1002684,München,Real Market Listing,1100.0,27.94
1000426,Berlin,Real Market Listing,832.0,31.99
1003114,München,Real Market Listing,1035.0,57.0
1003651,Berlin,Real Market Listing,606.0,40.0
1000410,München,Real Market Listing,1290.0,32.49
1000041,Berlin,Real Market Listing,560.0,19.5
1003066,Hamburg,Real Market Listing,481.0,47.0
1002298,München,Real Market Listing,700.0,18.0
1003402,Köln,Real Market Listing,750.0,58.55
1006258,München,Real Market Listing,1200.0,45.0
1004119,Berlin,Real Market Listing,585.0,42.45
1003336,Köln,Real Market Listing,530.0,35.0
1001340,Berlin,Real Market Listing,448.8,44.0
1000019,München,Real Market Listing,925.0,54.0
1001414,Köln,Real Market Listing,320.0,30.0
1005167,Hamburg,Real Market Listing,680.0,50.0
1001941,Köln,Real Market Listing,298.0,32.69
1005011,München,Real Market Listing,800.0,42.0
1000626,Berlin,Real Market Listing,280.0,32.0
1005159,Köln,Real Market Listing,469.0,48.0
1000199,Köln,Real Market Listing,640.0,38.0
1005439,Berlin,Real Market Listing,700.0,40.75
1001971,Berlin,Real Market Listing,419.0,37.0
1004556,München,Real Market Listing,1400.0,39.0
1000051,Berlin,Real Market Listing,491.0,29.6
1003494,München,Real Market Listing,1025.0,54.0
1002890,München,Real Market Listing,1270.0,50.0
1005149,Berlin,Real Market Listing,461.0,32.28
1003691,Berlin,Real Market Listing,1000.0,55.0
1001057,Berlin,Real Market Listing,849.0,56.6
1005464,Berlin,Real Market Listing,767.0,59.0
1002476,Köln,Real Market Listing,950.0,23.0
1000101,München,Real Market Listing,1085.0,53.1
1005552,Berlin,Real Market Listing,351.18,51.08
1006024,Köln,Real Market Listing,895.0,46.0
1004172,Berlin,Real Market Listing,873.12,54.57
1001557,Berlin,Real Market Listing,830.0,55.0
1000620,Berlin,Real Market Listing,497.4,58.5
1006375,Köln,Real Market Listing,849.0,35.0
1004072,Köln,Real Market Listing,270.0,24.0
1003951,Berlin,Real Market Listing,496.11,57.0
1004486,Köln,Real Market Listing,524.0,49.0
1003411,Berlin,Real Market Listing,599.0,59.86
1004714,Köln,Real Market Listing,910.0,59.0
1002586,Berlin,Real Market Listing,356.0,30.6
1005072,Berlin,Real Market Listing,501.3,45.49
1000672,München,Real Market Listing,1000.0,31.0
1002548,Berlin,Real Market Listing,545.0,24.23
1004862,Berlin,Real Market Listing,800.0,42.84
1004457,Köln,Real Market Listing,549.0,24.43
1000811,München,Real Market Listing,820.0,46.0
1000705,Hamburg,Real Market Listing,710.0,40.0
1001005,Berlin,Real Market Listing,600.0,45.0
1001297,Köln,Real Market Listing,590.0,54.44
1002943,München,Real Market Listing,1320.0,57.0
1006211,Köln,Real Market Listing,529.03,24.45
1004437,München,Real Market Listing,1100.0,30.0
1006445,Berlin,Real Market Listing,448.8,51.0
1001807,Köln,Real Market Listing,335.0,44.0
1003838,Berlin,Real Market Listing,1090.0,39.0
1000527,Berlin,Real Market Listing,649.0,58.93
1006084,Hamburg,Real Market Listing,700.0,58.5
1004217,Hamburg,Real Market Listing,710.0,35.0
1006341,Köln,Real Market Listing,1350.0,26.0
1000565,Hamburg,Real Market Listing,499.0,18.0
1000586,Berlin,Real Market Listing,320.96,43.35
1002893,München,Real Market Listing,470.0,16.64
1004001,Berlin,Real Market Listing,800.0,50.0
1005646,Berlin,Real Market Listing,346.0,38.0
1004923,Berlin,Real Market Listing,437.0,19.04
1002845,Berlin,Real Market Listing,390.0,52.0
1004252,Hamburg,Real Market Listing,1114.16,45.71
1000730,Berlin,Real Market Listing,500.75,52.71
1005519,Hamburg,Real Market Listing,520.0,47.8
1005729,Berlin,Real Market Listing,1200.0,37.0
1004860,München,Real Market Listing,1280.0,43.37
1000408,München,Real Market Listing,690.0,13.0
1005748,Berlin,Real Market Listing,524.59,47.69
1000325,Köln,Real Market Listing,330.0,25.0
1005328,Berlin,Real Market Listing,1100.0,52.0
1003130,Berlin,Real Market Listing,444.17,59.0
1004610,München,Real Market Listing,567.29,39.95
1000290,Berlin,Real Market Listing,555.48,30.86
1003573,Berlin,Real Market Listing,820.0,56.49
1001153,Berlin,Real Market Listing,489.09,28.91
1002850,Hamburg,Real Market Listing,925.0,54.45
1005589,München,Real Market Listing,1100.0,49.0
1006191,Berlin,Real Market Listing,550.0,45.25
1005335,München,Real Market Listing,1300.0,43.0
1003076,München,Real Market Listing,1160.0,47.6
1001703,Berlin,Real Market Listing,374.33,32.55
1002618,Potsdam,Real Market Listing,320.0,20.87
1005995,Berlin,Real Market Listing,850.0,30.0
1005163,München,Real Market Listing,1000.0,54.72
1003980,Berlin,Real Market Listing,582.45,21.19
1003859,Berlin,Real Market Listing,622.0,53.68
1004386,Hamburg,Real Market Listing,800.0,43.0
1006011,Berlin,Real Market Listing,740.0,16.0
1000371,Berlin,Real Market Listing,780.0,28.11
1001419,Köln,Real Market Listing,600.0,55.0
1003908,Hamburg,Real Market Listing,750.0,35.0
1004183,Berlin,Real Market Listing,310.39,27.59
1002318,Köln,Real Market Listing,770.0,50.0
1002303,Köln,Real Market Listing,784.72,44.46
1002860,Köln,Real Market Listing,470.0,25.0
1001608,Köln,Real Market Listing,890.0,53.0
1004649,Berlin,Real Market Listing,850.0,55.0
1005097,München,Real Market Listing,1420.0,47.0
1006452,Hamburg,Real Market Listing,757.0,49.0
1003361,München,Real Market Listing,1413.66,57.92
1003050,Hamburg,Real Market Listing,675.0,33.25
1002795,Berlin,Real Market Listing,290.0,37.16
1005224,Berlin,Real Market Listing,1000.0,50.0
1004745,Berlin,Real Market Listing,490.0,21.9
1006218,Köln,Real Market Listing,605.0,38.0
1005900,München,Real Market Listing,600.0,24.6
1001554,München,Real Market Listing,510.0,17.0
1002029,Köln,Real Market Listing,520.0,24.0
1001483,Berlin,Real Market Listing,362.14,48.61
1006505,Berlin,Real Market Listing,385.0,35.0
1000742,München,Real Market Listing,880.0,42.6
1003646,München,Real Market Listing,1050.0,33.0
1004695,Hamburg,Real Market Listing,625.0,59.74
1001454,Berlin,Real Market Listing,959.0,58.1
1004410,München,Real Market Listing,1475.0,58.0
1002389,Berlin,Real Market Listing,1001.65,54.89
1002678,Köln,Real Market Listing,550.0,43.0
1004011,Hamburg,Real Market Listing,730.0,40.0
1000122,Berlin,Real Market Listing,870.0,56.0
1003570,Berlin,Real Market Listing,318.45,53.02
1003337,Berlin,Real Market Listing,740.0,56.21
1005714,Berlin,Real Market Listing,459.0,37.1
1005990,Berlin,Real Market Listing,540.0,23.5
1001485,Hamburg,Real Market Listing,900.0,46.0
1001042,München,Real Market Listing,830.0,47.24
1004239,München,Real Market Listing,1100.0,22.0
1006195,Berlin,Real Market Listing,787.8,52.52
1005647,Hamburg,Real Market Listing,740.0,17.0
1000439,Potsdam,Real Market Listing,450.0,30.0
1005267,Köln,Real Market Listing,520.0,41.0
1005720,Berlin,Real Market Listing,550.0,33.0
1002127,Berlin,Real Market Listing,620.0,25.63
1005976,Berlin,Real Market Listing,314.46,34.34
1004969,Berlin,Real Market Listing,276.38,38.45
1005781,München,Real Market Listing,1140.0,35.0
1004660,Berlin,Real Market Listing,400.0,56.0
1006372,Hamburg,Real Market Listing,750.0,54.12
1005926,Berlin,Real Market Listing,663.0,51.0
1001163,Hamburg,Real Market Listing,800.0,50.0
1005343,München,Real Market Listing,780.0,29.4
1002202,Potsdam,Real Market Listing,330.0,20.51
1006229,Köln,Real Market Listing,825.0,55.0
1002939,Berlin,Real Market Listing,504.73,29.69
1003323,Köln,Real Market Listing,390.0,30.0
1004559,Hamburg,Real Market Listing,743.0,52.0
1006221,Köln,Real Market Listing,575.0,23.14
1004288,Berlin,Real Market Listing,739.0,29.2
1003622,Berlin,Real Market Listing,351.02,52.92
1000279,Berlin,Real Market Listing,476.0,19.02
1005150,Köln,Real Market Listing,640.0,58.0
1001149,Berlin,Real Market Listing,672.25,53.78
1001862,Berlin,Real Market Listing,1095.0,57.93
1004235,Berlin,Real Market Listing,1135.0,52.0
1003662,Berlin,Real Market Listing,774.0,39.0
1005940,München,Real Market Listing,1350.0,33.0
1003412,Berlin,Real Market Listing,284.62,18.0
1004742,Hamburg,Real Market Listing,720.0,27.0
1004174,Köln,Real Market Listing,534.0,36.0
1004086,Berlin,Real Market Listing,673.02,37.39
1002377,Hamburg,Real Market Listing,595.0,46.0
1003409,Köln,Real Market Listing,650.0,46.3
1005483,Berlin,Real Market Listing,800.0,54.0
1004196,Köln,Real Market Listing,365.75,56.0
1005956,Berlin,Real Market Listing,700.0,16.0
1006082,Berlin,Real Market Listing,547.5,34.2
1003768,München,Real Market Listing,1280.0,52.0
1004531,München,Real Market Listing,1180.0,56.0
1000577,München,Real Market Listing,1325.0,57.62
1005698,Berlin,Real Market Listing,599.0,45.3
1001706,Berlin,Real Market Listing,665.08,34.45
1000787,Berlin,Real Market Listing,379.32,47.15
1005111,Berlin,Real Market Listing,590.0,36.4
1002706,Berlin,Real Market Listing,350.22,32.78
1002018,Berlin,Real Market Listing,950.0,55.67
1004800,Berlin,Real Market Listing,579.0,47.54
1005152,Berlin,Real Market Listing,432.0,39.23
1004575,München,Real Market Listing,1350.0,34.0
1002576,München,Real Market Listing,567.29,39.95
1004287,München,Real Market Listing,910.0,33.0
1005270,Berlin,Real Market Listing,345.1,48.0
1002905,München,Real Market Listing,1200.0,21.0
1001536,Hamburg,Real Market Listing,318.0,22.0
1000321,Köln,Real Market Listing,683.87,36.42
1003688,Hamburg,Real Market Listing,640.0,42.0
1000473,Köln,Real Market Listing,561.0,58.5
1005657,München,Real Market Listing,1150.0,31.0
1001728,Berlin,Real Market Listing,832.0,52.0
1004013,Hamburg,Real Market Listing,690.0,55.0
1004407,Köln,Real Market Listing,580.0,58.0
1001101,München,Real Market Listing,509.0,36.0
1002698,Berlin,Real Market Listing,674.6,57.75
1001253,München,Real Market Listing,1450.0,40.0
1003686,Berlin,Real Market Listing,599.0,39.12
1002484,Köln,Real Market Listing,990.0,50.0
1002948,Köln,Real Market Listing,770.0,46.0
1001215,München,Real Market Listing,830.0,43.0
1001084,Berlin,Real Market Listing,672.93,53.62
1000245,Berlin,Real Market Listing,322.63,43.0
1000420,Hamburg,Real Market Listing,1250.0,54.0
1004553,Hamburg,Real Market Listing,999.0,34.0
1000553,Hamburg,Real Market Listing,1216.98,45.11
1000373,Berlin,Real Market Listing,861.0,26.0
1003909,Berlin,Real Market Listing,630.0,39.37
1005493,Köln,Real Market Listing,352.0,19.0
1000736,München,Real Market Listing,1055.0,32.47
1001221,Berlin,Real Market Listing,779.0,54.0
1001569,München,Real Market Listing,1040.0,57.77
1001630,Berlin,Real Market Listing,1105.0,34.87
1004454,Hamburg,Real Market Listing,400.0,40.0
1001235,München,Real Market Listing,1190.0,29.0
1005420,München,Real Market Listing,1190.0,50.0
1002858,Berlin,Real Market Listing,362.99,53.35
1005743,Berlin,Real Market Listing,1375.0,55.0
1004352,Köln,Real Market Listing,545.0,50.0
1004060,Köln,Real Market Listing,750.0,45.0
1006410,Köln,Real Market Listing,595.0,36.0
1002436,Berlin,Real Market Listing,691.01,59.57
1003070,Berlin,Real Market Listing,475.23,56.71
1005199,München,Real Market Listing,1350.0,50.0
1002722,Berlin,Real Market Listing,554.0,58.01
1005820,Berlin,Real Market Listing,500.0,56.8
1006274,Köln,Real Market Listing,690.0,53.0
1000181,Berlin,Real Market Listing,599.0,38.89
1003032,Berlin,Real Market Listing,671.0,44.75
1000794,Hamburg,Real Market Listing,970.0,53.0
1003949,Berlin,Real Market Listing,400.0,51.0
1004105,München,Real Market Listing,1200.0,53.87
1006283,Köln,Real Market Listing,500.0,29.0
1001075,Hamburg,Real Market Listing,675.0,59.21
1001467,Köln,Real Market Listing,534.0,53.41
1003153,Berlin,Real Market Listing,448.0,35.84
1001193,Berlin,Real Market Listing,1236.65,46.67
1002900,Berlin,Real Market Listing,725.0,59.0
1001786,Berlin,Real Market Listing,449.0,33.54
1004160,Köln,Real Market Listing,450.0,32.0
1004447,München,Real Market Listing,1350.0,55.0
1000530,Berlin,Real Market Listing,380.0,36.0
1001315,München,Real Market Listing,930.0,54.0
1006156,Berlin,Real Market Listing,496.61,39.32
1003805,Hamburg,Real Market Listing,548.96,46.92
1006464,Köln,Real Market Listing,599.0,24.43
1002042,Köln,Real Market Listing,510.0,26.58
1000710,Berlin,Real Market Listing,448.0,49.74
1002770,Berlin,Real Market Listing,912.0,48.0
1001662,München,Real Market Listing,1200.0,47.0
1003305,Berlin,Real Market Listing,690.0,46.0
1003693,Berlin,Real Market Listing,617.0,30.87
1006364,Berlin,Real Market Listing,532.0,29.78
1000347,Hamburg,Real Market Listing,850.0,50.0
1006473,Berlin,Real Market Listing,365.87,51.97
1005708,Hamburg,Real Market Listing,317.21,19.65
1003309,Köln,Real Market Listing,664.0,59.0
1003504,Berlin,Real Market Listing,515.0,30.06
1000907,Hamburg,Real Market Listing,995.0,50.0
1003608,Berlin,Real Market Listing,820.0,41.0
1006458,München,Real Market Listing,1150.0,26.0
1004722,Köln,Real Market Listing,565.0,33.61
1002600,Berlin,Real Market Listing,560.0,34.0
1005542,Berlin,Real Market Listing,512.0,32.0
1005817,Köln,Real Market Listing,480.0,28.0
1006517,Hamburg,Real Market Listing,1290.0,47.0
1003320,Köln,Real Market Listing,501.7,17.69
1003918,Köln,Real Market Listing,780.0,52.0
1004250,Berlin,Real Market Listing,850.0,52.11
1006400,Köln,Real Market Listing,690.0,17.0
1000926,Berlin,Real Market Listing,1200.0,57.0
1005579,Hamburg,Real Market Listing,536.0,50.0
1001195,Berlin,Real Market Listing,790.0,13.0
1004127,Köln,Real Market Listing,1190.0,45.0
1000015,München,Real Market Listing,1100.0,28.0
1005936,Hamburg,Real Market Listing,1046.0,56.53
1003801,Köln,Real Market Listing,595.0,58.04
1001433,Hamburg,Real Market Listing,410.0,52.0
1001354,Hamburg,Real Market Listing,1100.0,45.0
1000315,Berlin,Real Market Listing,660.0,55.0
1002095,Berlin,Real Market Listing,1180.0,47.62
1004641,Köln,Real Market Listing,500.0,32.0
1002124,Hamburg,Real Market Listing,590.0,56.5
1002970,Berlin,Real Market Listing,489.82,45.73
1005671,Berlin,Real Market Listing,347.0,27.09
1000833,Berlin,Real Market Listing,890.0,41.63
1005075,Berlin,Real Market Listing,639.0,58.79
1001371,Berlin,Real Market Listing,654.0,38.98
1006480,Potsdam,Real Market Listing,718.44,59.87
1002663,Berlin,Real Market Listing,1140.0,53.0
1004091,Berlin,Real Market Listing,579.1,21.8
1005435,Berlin,Real Market Listing,1250.0,56.0
1002053,Berlin,Real Market Listing,767.0,59.0
1003684,Berlin,Real Market Listing,1299.9,54.05
1002879,München,Real Market Listing,800.0,20.0
1006224,München,Real Market Listing,1200.0,51.14
1001501,Berlin,Real Market Listing,1044.8,52.24
1004907,Köln,Real Market Listing,725.0,42.0
1004834,Berlin,Real Market Listing,673.0,58.52
1001879,Hamburg,Real Market Listing,450.0,50.0
1004940,München,Real Market Listing,1230.0,47.0
1005809,Berlin,Real Market Listing,850.0,57.2
1005372,Köln,Real Market Listing,600.0,52.0
1001032,Berlin,Real Market Listing,455.0,19.5
1004192,Berlin,Real Market Listing,459.0,37.03
1003370,Köln,Real Market Listing,710.59,38.09
1001108,Berlin,Real Market Listing,354.38,36.03
1004102,Berlin,Real Market Listing,811.55,33.55
1001010,München,Real Market Listing,1100.0,27.0
1003197,Köln,Real Market Listing,325.0,32.0
1001553,Berlin,Real Market Listing,880.0,58.0
1000691,München,Real Market Listing,1450.0,58.0
1003761,Berlin,Real Market Listing,232.56,32.0
1003279,Potsdam,Real Market Listing,684.0,57.0
1005050,München,Real Market Listing,840.0,15.0
1000652,Berlin,Real Market Listing,380.0,35.5
1000033,München,Real Market Listing,1040.0,41.0
1005174,München,Real Market Listing,800.0,35.63
1000044,Berlin,Real Market Listing,973.0,57.95
1002921,Hamburg,Real Market Listing,610.47,45.22
1001918,Hamburg,Real Market Listing,476.06,22.0
1000964,Hamburg,Real Market Listing,610.0,53.0
1005494,München,Real Market Listing,1340.0,34.0
1001620,Berlin,Real Market Listing,441.8,31.0
1002640,München,Real Market Listing,1200.0,56.5
1003647,Berlin,Real Market Listing,425.0,45.0
1005331,Berlin,Real Market Listing,750.0,36.41
1001144,München,Real Market Listing,970.0,27.0
1004868,Berlin,Real Market Listing,510.0,36.0
1002432,München,Real Market Listing,1140.0,32.0
1003550,München,Real Market Listing,1000.0,56.0
1003095,München,Real Market Listing,1250.0,55.0
1000063,Köln,Real Market Listing,369.0,23.1
1001044,Berlin,Real Market Listing,570.0,40.0
1002306,München,Real Market Listing,590.0,21.96
1002716,Berlin,Real Market Listing,394.6,48.0
1000227,Berlin,Real Market Listing,645.0,46.0
1005500,München,Real Market Listing,1100.0,15.0
1002644,München,Real Market Listing,1255.0,55.8
1000969,Berlin,Real Market Listing,483.66,26.87
1005856,Berlin,Real Market Listing,534.82,41.14
1001504,München,Real Market Listing,508.84,33.81
1006472,Berlin,Real Market Listing,699.0,26.0
1001400,Köln,Real Market Listing,740.0,44.65
1001426,Berlin,Real Market Listing,500.0,20.0
1005901,Berlin,Real Market Listing,586.84,56.3
1005669,Potsdam,Real Market Listing,320.0,20.87
1001801,Berlin,Real Market Listing,985.0,47.8
1005484,Berlin,Real Market Listing,800.0,41.77
1002519,München,Real Market Listing,840.0,35.0
1001176,Hamburg,Real Market Listing,663.0,51.01
1001756,Berlin,Real Market Listing,906.0,56.57
1004709,München,Real Market Listing,850.0,42.96
1003362,Berlin,Real Market Listing,606.54,55.14
1004589,Berlin,Real Market Listing,729.0,52.0
1004676,Hamburg,Real Market Listing,523.0,44.69
1006118,Berlin,Real Market Listing,600.0,46.27
1004144,München,Real Market Listing,1100.0,31.0
1004004,Berlin,Real Market Listing,511.62,55.46
1005380,München,Real Market Listing,900.0,36.0
1005402,Berlin,Real Market Listing,953.46,52.97
1001272,Berlin,Real Market Listing,1000.0,50.0
1005251,Hamburg,Real Market Listing,533.0,56.82
1003541,Berlin,Real Market Listing,499.0,50.0
1001606,Hamburg,Real Market Listing,520.0,26.0
1000641,München,Real Market Listing,980.0,40.0
1006301,Berlin,Real Market Listing,492.0,48.81
1002339,München,Real Market Listing,1250.0,45.0
1000297,Berlin,Real Market Listing,700.0,15.0
1000303,Berlin,Real Market Listing,430.0,50.0
1005693,München,Real Market Listing,595.0,41.0
1002859,Berlin,Real Market Listing,495.0,39.0
1004195,Köln,Real Market Listing,525.0,35.0
1004734,Köln,Real Market Listing,885.0,58.6
1002741,Köln,Real Market Listing,540.0,55.0
1000655,Köln,Real Market Listing,430.0,32.0
1001321,Hamburg,Real Market Listing,795.0,48.0
1006531,Berlin,Real Market Listing,820.0,23.0
1004508,Köln,Real Market Listing,400.0,32.6
1000240,München,Real Market Listing,1290.0,22.0
1000783,Berlin,Real Market Listing,650.0,52.0
1001018,Berlin,Real Market Listing,595.2,49.6
1006262,Hamburg,Real Market Listing,696.0,55.64
1000977,Potsdam,Real Market Listing,340.0,20.4
1001740,München,Real Market Listing,834.0,52.62
1002288,Berlin,Real Market Listing,880.0,47.0
1005164,Berlin,Real Market Listing,795.0,51.27
1000257,Berlin,Real Market Listing,875.0,35.0
1000893,Köln,Real Market Listing,850.0,25.0
1005154,Hamburg,Real Market Listing,421.0,35.68
1005451,Hamburg,Real Market Listing,505.0,45.99
1005314,Hamburg,Real Market Listing,745.0,58.0
1002252,Hamburg,Real Market Listing,1100.0,56.99
1006234,Köln,Real Market Listing,650.0,50.0
1005564,München,Real Market Listing,1100.0,29.0
1005282,Hamburg,Real Market Listing,420.0,25.0
1004272,München,Real Market Listing,945.0,27.0
1001559,München,Real Market Listing,1100.0,16.0
1001992,Hamburg,Real Market Listing,940.66,56.82
1004168,Köln,Real Market Listing,990.0,44.0
1001859,Berlin,Real Market Listing,620.0,11.0
1006014,Berlin,Real Market Listing,1100.0,51.0
1003319,Hamburg,Real Market Listing,640.0,49.04
1003265,Berlin,Real Market Listing,671.0,51.99
1004224,Berlin,Real Market Listing,590.0,40.0
1003639,München,Real Market Listing,280.0,15.0
1006312,Berlin,Real Market Listing,474.0,27.89
1004420,Köln,Real Market Listing,583.0,22.0
1002215,Köln,Real Market Listing,400.0,25.0
1003405,Berlin,Real Market Listing,1050.0,55.0
1001092,Berlin,Real Market Listing,520.0,53.5
1000124,Köln,Real Market Listing,415.0,36.0
1002880,Köln,Real Market Listing,1079.0,30.0
1001888,Berlin,Real Market Listing,630.0,50.03
1004786,Berlin,Real Market Listing,615.0,50.0
1002117,Berlin,Real Market Listing,680.0,53.0
1002405,Hamburg,Real Market Listing,876.18,51.54
1002751,Berlin,Real Market Listing,480.0,34.3
1000598,Köln,Real Market Listing,542.0,32.31
1000075,Köln,Real Market Listing,800.0,48.0
1005438,Köln,Real Market Listing,850.0,58.0
1003151,Berlin,Real Market Listing,760.0,40.0
1004449,Berlin,Real Market Listing,490.0,55.0
1003441,Köln,Real Market Listing,556.5,53.0
1005628,Berlin,Real Market Listing,549.0,54.04
1000149,Köln,Real Market Listing,750.0,39.0
1000453,Köln,Real Market Listing,669.0,58.2
1002024,München,Real Market Listing,1390.0,55.0
1005295,Berlin,Real Market Listing,690.0,30.05
1004166,Berlin,Real Market Listing,872.0,39.92
1000808,Berlin,Real Market Listing,580.43,49.96
1004617,Köln,Real Market Listing,725.0,50.0
1003277,Berlin,Real Market Listing,559.0,55.84
1001119,München,Real Market Listing,700.0,25.0
1000810,München,Real Market Listing,1030.0,30.0
1001129,Berlin,Real Market Listing,530.03,57.3
1000834,München,Real Market Listing,990.0,34.0
1001421,München,Real Market Listing,1140.0,22.0
1005026,Berlin,Real Market Listing,410.0,34.48
1006266,Berlin,Real Market Listing,431.8,58.32
1003195,München,Real Market Listing,511.7,34.0
1006550,Berlin,Real Market Listing,661.48,57.52
1005193,Berlin,Real Market Listing,303.44,37.93
1003973,München,Real Market Listing,840.0,44.0
1005189,Köln,Real Market Listing,760.0,53.0
1002906,München,Real Market Listing,750.0,33.0
1006337,Berlin,Real Market Listing,349.0,40.0
1005354,München,Real Market Listing,800.0,28.2
1001027,Berlin,Real Market Listing,579.0,53.98
1002646,Berlin,Real Market Listing,840.0,16.0
1001737,Berlin,Real Market Listing,399.03,58.0
1000349,Berlin,Real Market Listing,613.47,47.19
1003516,München,Real Market Listing,1120.0,56.0
1000662,Berlin,Real Market Listing,654.0,32.7
1000172,Hamburg,Real Market Listing,1000.0,58.0
1002571,Berlin,Real Market Listing,1134.0,56.25
1004258,Berlin,Real Market Listing,570.0,23.95
1000422,Berlin,Real Market Listing,649.75,46.18
1005786,Berlin,Real Market Listing,975.0,55.5
1000881,Köln,Real Market Listing,579.0,47.0
1003830,Hamburg,Real Market Listing,595.0,57.0
1005767,Berlin,Real Market Listing,600.0,43.0
1001773,München,Real Market Listing,1090.0,45.0
1001894,Berlin,Real Market Listing,1099.0,43.0
1006544,Köln,Real Market Listing,619.0,33.0
1000102,Berlin,Real Market Listing,1350.0,40.0
1002316,Köln,Real Market Listing,400.0,33.66
1001902,Hamburg,Real Market Listing,690.0,40.0
1006498,Berlin,Real Market Listing,508.0,29.86
1002765,Hamburg,Real Market Listing,900.0,46.0
1003210,Berlin,Real Market Listing,502.66,52.74
1002704,Hamburg,Real Market Listing,544.93,37.02
1003820,München,Real Market Listing,380.0,11.0
1005472,München,Real Market Listing,1180.0,45.0
1000135,München,Real Market Listing,1150.0,30.0
1003306,Hamburg,Real Market Listing,935.0,52.91
1003263,Berlin,Real Market Listing,450.0,35.08
1004351,Hamburg,Real Market Listing,526.0,38.34
1006442,Berlin,Real Market Listing,429.0,43.0
1004290,Berlin,Real Market Listing,273.0,39.0
1001487,Hamburg,Real Market Listing,355.0,23.62
1005808,Berlin,Real Market Listing,1070.0,41.71
1005187,Berlin,Real Market Listing,649.0,56.36
1000807,Berlin,Real Market Listing,445.0,59.92
1000462,Köln,Real Market Listing,330.0,18.0
1000879,Hamburg,Real Market Listing,500.0,23.0
1002792,Berlin,Real Market Listing,443.36,26.87
1003467,Berlin,Real Market Listing,840.0,54.0
1004918,Köln,Real Market Listing,550.0,29.0
1002387,Berlin,Real Market Listing,700.0,16.0
1002902,Hamburg,Real Market Listing,805.0,29.0
1000799,Köln,Real Market Listing,880.0,56.0
1000354,Hamburg,Real Market Listing,670.0,38.26
1001670,München,Real Market Listing,885.0,42.0
1001073,Hamburg,Real Market Listing,749.5,56.41
1003554,Berlin,Real Market Listing,720.0,52.0
1000144,Berlin,Real Market Listing,661.0,55.05
1000380,Berlin,Real Market Listing,506.34,46.97
1002691,Berlin,Real Market Listing,665.0,34.0
1005703,Berlin,Real Market Listing,351.46,53.0
1000121,Hamburg,Real Market Listing,549.0,58.67
1001323,Hamburg,Real Market Listing,218.45,30.34
1000418,Berlin,Real Market Listing,522.85,28.19
1003119,Köln,Real Market Listing,485.0,23.0
1006376,Hamburg,Real Market Listing,602.9,51.53
1004824,Köln,Real Market Listing,1390.0,49.0
1001886,Berlin,Real Market Listing,500.0,19.6
1003464,Berlin,Real Market Listing,1104.5,46.02
1000555,Berlin,Real Market Listing,520.0,50.0
1002112,München,Real Market Listing,1050.0,40.0
1002650,München,Real Market Listing,1350.0,54.55
1001961,Berlin,Real Market Listing,300.17,37.0
1004017,München,Real Market Listing,1190.0,30.0
1006137,Köln,Real Market Listing,900.0,58.0
1005091,Berlin,Real Market Listing,555.0,55.03
1006401,München,Real Market Listing,885.0,29.21
1001840,Berlin,Real Market Listing,648.0,53.96
1005106,Berlin,Real Market Listing,499.0,52.0
1001471,Berlin,Real Market Listing,536.08,20.5
1005148,Berlin,Real Market Listing,560.0,40.0
1002549,München,Real Market Listing,1200.0,35.0
1005133,Berlin,Real Market Listing,1091.0,57.0
1001965,Hamburg,Real Market Listing,510.0,24.0
1003790,Köln,Real Market Listing,435.0,10.7
1001870,Berlin,Real Market Listing,690.0,37.0
1003605,Berlin,Real Market Listing,499.0,40.82
1003950,Hamburg,Real Market Listing,265.69,26.0
1003080,Berlin,Real Market Listing,695.0,52.0
1003740,Hamburg,Real Market Listing,480.2,36.77
1005764,Berlin,Real Market Listing,252.81,32.6
1001268,Köln,Real Market Listing,625.0,50.02
1000414,Köln,Real Market Listing,850.0,58.0
1005947,Berlin,Real Market Listing,820.0,47.0
1000654,München,Real Market Listing,740.0,25.0
1001488,Berlin,Real Market Listing,883.5,57.0
1003955,München,Real Market Listing,690.0,30.6
1001748,Berlin,Real Market Listing,595.0,46.0
1003038,Berlin,Real Market Listing,720.0,43.0
1003717,Berlin,Real Market Listing,799.22,55.09
1006162,Köln,Real Market Listing,583.0,29.34
1000589,Berlin,Real Market Listing,360.0,22.1
1002499,München,Real Market Listing,1100.0,56.0
1003321,Hamburg,Real Market Listing,785.0,56.81
1001694,Berlin,Real Market Listing,504.0,59.39
1003090,Köln,Real Market Listing,595.0,50.0
1005602,Köln,Real Market Listing,471.5,41.0
1002118,München,Real Market Listing,670.0,31.0
1000701,Köln,Real Market Listing,620.0,12.0
1002633,Berlin,Real Market Listing,400.0,40.0
1001897,Berlin,Real Market Listing,298.2,37.9
1003758,Berlin,Real Market Listing,491.0,24.58
1003985,Berlin,Real Market Listing,653.0,24.24
1003135,Berlin,Real Market Listing,546.0,24.1
1004374,Berlin,Real Market Listing,599.0,38.93
1005594,Potsdam,Real Market Listing,575.0,48.0
1003164,Köln,Real Market Listing,450.0,34.0
1004335,Köln,Real Market Listing,730.0,55.0
1003258,Berlin,Real Market Listing,760.0,38.71
1005747,Berlin,Real Market Listing,449.0,31.09
1000110,Berlin,Real Market Listing,1198.0,49.9
1005518,Berlin,Real Market Listing,775.0,59.6
1004248,Berlin,Real Market Listing,920.0,58.0
1001425,Köln,Real Market Listing,790.0,45.0
1002778,Köln,Real Market Listing,267.0,26.0
1005288,Hamburg,Real Market Listing,720.0,55.5
1005637,Berlin,Real Market Listing,261.77,35.0
1002182,Hamburg,Real Market Listing,605.0,35.6
1004048,Köln,Real Market Listing,555.0,46.0
1004698,München,Real Market Listing,830.0,32.0
1002754,Berlin,Real Market Listing,603.0,52.0
1002843,Hamburg,Real Market Listing,700.0,29.39
1005400,Berlin,Real Market Listing,660.0,56.0
1003563,Hamburg,Real Market Listing,480.0,38.0
1003753,Berlin,Real Market Listing,307.11,45.03
1002418,Köln,Real Market Listing,455.0,35.0
1005229,Köln,Real Market Listing,760.0,22.0
1002510,München,Real Market Listing,1320.0,59.0
1000107,Berlin,Real Market Listing,421.77,47.0
1000029,Berlin,Real Market Listing,311.99,43.88
1002882,Berlin,Real Market Listing,394.12,46.0
1003592,Berlin,Real Market Listing,560.0,28.18
1000751,München,Real Market Listing,600.0,29.0
1000584,München,Real Market Listing,730.0,22.1
1001220,Köln,Real Market Listing,1190.0,40.0
1002254,Berlin,Real Market Listing,339.0,36.0
1001328,Hamburg,Real Market Listing,649.0,59.0
1003027,Hamburg,Real Market Listing,900.0,55.0
1004155,Berlin,Real Market Listing,1098.0,52.0
1000548,Berlin,Real Market Listing,543.9,49.0
1005059,Hamburg,Real Market Listing,750.0,49.62
1005201,München,Real Market Listing,740.0,22.1
1006091,München,Real Market Listing,1490.0,42.0
1001339,Köln,Real Market Listing,630.0,53.0
1001882,Berlin,Real Market Listing,540.0,51.0
1006311,München,Real Market Listing,910.0,28.0
1006407,Köln,Real Market Listing,650.0,50.0
1004586,Köln,Real Market Listing,405.0,27.0
1001511,München,Real Market Listing,995.0,30.0
1005014,Berlin,Real Market Listing,494.17,48.86
1001893,Berlin,Real Market Listing,530.55,50.53
1004880,Berlin,Real Market Listing,493.15,56.0
1005297,Berlin,Real Market Listing,610.0,52.0
1002615,Berlin,Real Market Listing,897.15,59.81
1002392,Köln,Real Market Listing,750.0,46.0
1001543,Berlin,Real Market Listing,805.0,54.22
1002347,Berlin,Real Market Listing,620.0,41.33
1005831,Hamburg,Real Market Listing,841.0,58.0
1000090,Köln,Real Market Listing,780.0,18.0
1002759,Hamburg,Real Market Listing,500.0,42.64
1003966,Berlin,Real Market Listing,700.0,52.0
1005223,Berlin,Real Market Listing,556.8,34.8
1002223,München,Real Market Listing,1100.0,19.5
1000624,Köln,Real Market Listing,470.0,49.0
1000069,München,Real Market Listing,790.0,20.0
1000889,Köln,Real Market Listing,729.52,40.54
1002895,Berlin,Real Market Listing,691.0,59.07
1004957,München,Real Market Listing,1155.0,52.5
1006492,Berlin,Real Market Listing,900.0,46.0
1005823,Berlin,Real Market Listing,466.48,54.88
1006538,Köln,Real Market Listing,750.0,50.0
1004201,München,Real Market Listing,920.0,55.0
1000947,Berlin,Real Market Listing,438.0,40.0
1000877,Köln,Real Market Listing,600.0,30.0
1002345,Berlin,Real Market Listing,427.25,52.63
1006114,Berlin,Real Market Listing,671.38,53.71
1000293,Berlin,Real Market Listing,847.0,30.0
1005952,Köln,Real Market Listing,680.0,43.0
1000445,Berlin,Real Market Listing,554.11,59.39
1001514,Köln,Real Market Listing,710.0,57.0
1001817,Berlin,Real Market Listing,696.0,58.8
1003885,München,Real Market Listing,990.0,35.0
1005094,Köln,Real Market Listing,500.0,30.0
1005478,Hamburg,Real Market Listing,450.0,51.5
1004667,Berlin,Real Market Listing,1100.0,56.99
1004564,Berlin,Real Market Listing,435.0,43.49
1000367,Hamburg,Real Market Listing,565.0,32.0
1003524,München,Real Market Listing,780.0,19.0
1005683,Berlin,Real Market Listing,810.0,16.0
1004816,Berlin,Real Market Listing,780.0,52.0
1002916,München,Real Market Listing,855.0,50.0
1006000,Hamburg,Real Market Listing,265.0,21.0
1006153,Berlin,Real Market Listing,349.0,41.0
1003824,Hamburg,Real Market Listing,600.0,56.0
1004750,München,Real Market Listing,890.0,35.0
1001397,Berlin,Real Market Listing,738.0,49.2
1002579,Berlin,Real Market Listing,595.0,51.72
1001420,Hamburg,Real Market Listing,790.0,54.0
1001186,Berlin,Real Market Listing,400.0,49.0
1002543,Hamburg,Real Market Listing,590.0,43.38
1003964,Berlin,Real Market Listing,801.0,49.44
1002406,Berlin,Real Market Listing,950.0,50.7
1002337,Berlin,Real Market Listing,1016.82,56.49
1004965,München,Real Market Listing,850.0,48.41
1006408,Hamburg,Real Market Listing,649.0,49.08
1000151,Köln,Real Market Listing,540.0,55.0
1006012,Berlin,Real Market Listing,367.47,57.37
1001033,München,Real Market Listing,1190.0,34.0
1001383,Berlin,Real Market Listing,401.0,40.1
1000915,Köln,Real Market Listing,990.0,45.0
1001305,Berlin,Real Market Listing,549.0,50.0
1005573,Berlin,Real Market Listing,485.0,22.88
1002764,Berlin,Real Market Listing,438.69,45.47
1004623,München,Real Market Listing,1399.0,59.33
1000509,Köln,Real Market Listing,699.0,28.0
1002498,München,Real Market Listing,1490.0,47.0
1004678,Köln,Real Market Listing,300.0,30.0
1002272,Hamburg,Real Market Listing,480.0,35.0
1001891,Köln,Real Market Listing,685.79,36.54
1000748,Berlin,Real Market Listing,495.89,55.07
1005882,Berlin,Real Market Listing,390.0,39.0
1006317,Berlin,Real Market Listing,898.0,57.94
1003613,Berlin,Real Market Listing,434.0,43.18
1001310,Köln,Real Market Listing,600.0,49.0
1003166,Köln,Real Market Listing,320.0,28.0
1002656,Berlin,Real Market Listing,752.0,59.45
1004898,Berlin,Real Market Listing,733.5,48.9
1002149,Köln,Real Market Listing,500.0,50.03
1002934,Berlin,Real Market Listing,580.0,25.1
1004726,Hamburg,Real Market Listing,520.0,40.0
1002302,Berlin,Real Market Listing,407.0,29.4
1000471,Berlin,Real Market Listing,462.0,40.95
1003618,Berlin,Real Market Listing,478.98,30.47
1003539,Berlin,Real Market Listing,649.0,48.0
1001634,Hamburg,Real Market Listing,598.74,56.86
1004267,Hamburg,Real Market Listing,979.0,58.0
1006186,Berlin,Real Market Listing,462.26,51.05
1003268,München,Real Market Listing,850.0,50.0
1000896,Köln,Real Market Listing,527.22,29.29
1004947,München,Real Market Listing,530.0,17.0
1003318,Berlin,Real Market Listing,450.0,38.86
1000251,Hamburg,Real Market Listing,724.0,41.33
1001209,Hamburg,Real Market Listing,568.0,55.0
1003165,Hamburg,Real Market Listing,310.03,45.0
1003997,Berlin,Real Market Listing,799.0,59.0
1001669,München,Real Market Listing,950.0,36.0
1003483,Hamburg,Real Market Listing,555.0,55.4
1001128,Köln,Real Market Listing,750.0,38.0
1002486,Berlin,Real Market Listing,995.0,47.0
1004379,Berlin,Real Market Listing,370.0,38.0
1003193,Berlin,Real Market Listing,918.0,46.96
1005684,Hamburg,Real Market Listing,756.0,58.11
1000057,München,Real Market Listing,1350.0,42.0
1001322,Berlin,Real Market Listing,850.0,56.0
1004789,München,Real Market Listing,1150.0,37.0
1006402,Hamburg,Real Market Listing,637.95,56.96
1006511,München,Real Market Listing,1400.0,35.0
1003936,Berlin,Real Market Listing,394.0,34.4
1000292,München,Real Market Listing,980.0,57.35
1001142,Berlin,Real Market Listing,640.0,45.0
1005707,München,Real Market Listing,1000.0,52.0
1001720,Berlin,Real Market Listing,391.9,30.81
1001170,Potsdam,Real Market Listing,454.0,48.0
1002183,München,Real Market Listing,560.0,16.64
1001477,Potsdam,Real Market Listing,330.0,20.4
1002892,Hamburg,Real Market Listing,630.0,46.0
1003237,München,Real Market Listing,1100.0,25.0
1003916,Köln,Real Market Listing,1240.0,46.0
1001086,München,Real Market Listing,1440.0,57.4
1005383,München,Real Market Listing,1280.0,57.0
1001172,Berlin,Real Market Listing,534.0,29.66
1002718,Berlin,Real Market Listing,544.92,28.68
1002131,Hamburg,Real Market Listing,444.0,33.0
1001480,Hamburg,Real Market Listing,590.0,50.99
1004336,Berlin,Real Market Listing,610.0,36.0
1003326,Berlin,Real Market Listing,780.0,55.0
1005944,Köln,Real Market Listing,450.0,33.0
1003607,Berlin,Real Market Listing,707.17,54.65
1001919,München,Real Market Listing,580.0,27.0
1002842,Köln,Real Market Listing,490.0,24.45
1006106,Berlin,Real Market Listing,549.72,50.9
1000613,Berlin,Real Market Listing,330.62,39.36
1005260,München,Real Market Listing,1250.0,38.0
1002513,Köln,Real Market Listing,459.0,28.0
1003455,Köln,Real Market Listing,599.0,18.0
1001430,München,Real Market Listing,1300.0,40.0
1003509,Hamburg,Real Market Listing,600.0,15.0
1005898,Köln,Real Market Listing,420.0,41.0
1000505,München,Real Market Listing,842.0,55.0
1000415,Berlin,Real Market Listing,469.33,51.25
1000272,München,Real Market Listing,1200.0,50.45
1006470,Berlin,Real Market Listing,306.37,43.0
1004010,Köln,Real Market Listing,590.0,29.0
1004694,Berlin,Real Market Listing,439.0,39.48
1002414,Berlin,Real Market Listing,635.0,36.46
1005466,Berlin,Real Market Listing,950.0,17.0
1002877,Berlin,Real Market Listing,650.0,43.58
1000106,Berlin,Real Market Listing,1060.0,53.02
1001344,Hamburg,Real Market Listing,692.25,53.25
1001743,Berlin,Real Market Listing,491.17,46.38
1003560,Berlin,Real Market Listing,600.0,35.0
1004427,Köln,Real Market Listing,500.0,53.0
1002465,München,Real Market Listing,960.0,52.0
1000952,München,Real Market Listing,1440.0,46.67
1001611,Berlin,Real Market Listing,629.64,34.98
1005509,Berlin,Real Market Listing,687.4,24.55
1003477,Hamburg,Real Market Listing,505.0,56.5
1002574,Hamburg,Real Market Listing,650.0,35.0
1005508,Berlin,Real Market Listing,480.0,24.0
1004384,Berlin,Real Market Listing,695.0,44.62
1005058,München,Real Market Listing,500.0,30.0
1005604,Berlin,Real Market Listing,280.0,42.0
1001024,Köln,Real Market Listing,550.0,55.0
1002540,Berlin,Real Market Listing,800.0,33.55
1005910,Köln,Real Market Listing,780.0,58.0
1002191,Berlin,Real Market Listing,750.0,11.0
1000416,Berlin,Real Market Listing,740.0,12.0
1003098,Hamburg,Real Market Listing,636.0,53.0
1003227,Hamburg,Real Market Listing,1150.0,56.0
1002110,Berlin,Real Market Listing,592.61,55.0
1000564,München,Real Market Listing,880.0,31.0
1000478,Berlin,Real Market Listing,461.65,49.64
1002107,Köln,Real Market Listing,460.8,28.8
1004764,Köln,Real Market Listing,610.0,50.0
1001203,München,Real Market Listing,950.0,47.0
1001224,Berlin,Real Market Listing,595.46,56.71
1000142,Berlin,Real Market Listing,669.0,59.43
1003357,Hamburg,Real Market Listing,1177.99,54.26
1005724,Berlin,Real Market Listing,785.03,58.15
1001652,München,Real Market Listing,1020.0,30.0
1001616,Berlin,Real Market Listing,970.0,26.13
1002676,Hamburg,Real Market Listing,497.0,38.0
1000605,Hamburg,Real Market Listing,550.0,55.0
1001194,Hamburg,Real Market Listing,550.0,54.0
1003463,Köln,Real Market Listing,490.0,49.0
1001695,Köln,Real Market Listing,418.0,45.0
1005281,München,Real Market Listing,1128.6,31.35
1002609,München,Real Market Listing,920.0,50.0
1000497,Berlin,Real Market Listing,475.33,39.37
1006441,Hamburg,Real Market Listing,788.0,44.0
1002271,Berlin,Real Market Listing,459.85,54.1
1004032,München,Real Market Listing,1470.0,45.0
1003006,Berlin,Real Market Listing,798.0,40.0
1002851,München,Real Market Listing,1350.0,32.0
1000721,Berlin,Real Market Listing,640.0,30.0
1001593,Berlin,Real Market Listing,1000.0,54.49
1001025,Berlin,Real Market Listing,629.0,59.61
1005842,Berlin,Real Market Listing,624.0,52.0
1001295,München,Real Market Listing,1380.0,38.0
1001496,Köln,Real Market Listing,895.0,51.0
1004113,Berlin,Real Market Listing,650.0,35.8
1001520,Berlin,Real Market Listing,509.3,53.65
1001615,Berlin,Real Market Listing,1200.0,54.0
1001926,Hamburg,Real Market Listing,530.0,45.94
1003126,München,Real Market Listing,730.0,32.5
1003809,Hamburg,Real Market Listing,870.0,59.0
1002446,Potsdam,Real Market Listing,535.0,44.65
1004121,Köln,Real Market Listing,450.0,23.0
1005265,München,Real Market Listing,610.0,46.0
1001302,Berlin,Real Market Listing,789.0,54.6
1000108,Köln,Real Market Listing,945.0,48.0
1001351,Berlin,Real Market Listing,485.0,42.72
1005851,Berlin,Real Market Listing,302.8,36.03
1002642,Berlin,Real Market Listing,1140.71,55.08
1003162,München,Real Market Listing,1065.0,44.1
1004705,Potsdam,Real Market Listing,590.0,59.5
1000931,Berlin,Real Market Listing,651.0,16.0
1000336,Berlin,Real Market Listing,320.0,28.0
1005928,Berlin,Real Market Listing,429.92,26.87
1002407,Hamburg,Real Market Listing,750.0,52.53
1001730,Köln,Real Market Listing,619.0,33.0
1000937,Hamburg,Real Market Listing,600.0,53.0
1005620,München,Real Market Listing,1290.0,40.2
1005479,München,Real Market Listing,1450.0,58.0
1005453,Köln,Real Market Listing,1150.0,55.0
1003393,Köln,Real Market Listing,600.0,51.0
1002944,Köln,Real Market Listing,468.0,26.0
1003077,Berlin,Real Market Listing,500.0,25.5
1003123,Berlin,Real Market Listing,529.0,51.5
1000724,Berlin,Real Market Listing,528.0,32.0
1000765,München,Real Market Listing,1090.0,45.0
1000286,Hamburg,Real Market Listing,235.0,20.52
1005057,Hamburg,Real Market Listing,876.0,56.0
1004122,Berlin,Real Market Listing,875.0,37.5
1000307,Köln,Real Market Listing,540.0,36.0
1005275,Hamburg,Real Market Listing,640.0,47.0
1005754,Berlin,Real Market Listing,600.0,27.0
1005086,Berlin,Real Market Listing,850.0,52.0
1002881,Berlin,Real Market Listing,572.65,44.05
1002453,Hamburg,Real Market Listing,618.0,52.0
1005929,Berlin,Real Market Listing,900.0,46.88
1003904,Hamburg,Real Market Listing,570.0,38.0
1001726,Berlin,Real Market Listing,433.5,47.24
1002445,Hamburg,Real Market Listing,765.0,54.5
1004585,Hamburg,Real Market Listing,780.0,52.0
1005545,Berlin,Real Market Listing,367.71,57.0
1000184,Berlin,Real Market Listing,460.0,33.0
1000071,Köln,Real Market Listing,290.0,26.0
1003634,München,Real Market Listing,750.0,30.0
1000711,München,Real Market Listing,500.0,20.0
1000421,Potsdam,Real Market Listing,258.0,11.0
1001020,Köln,Real Market Listing,628.16,31.94
1005571,München,Real Market Listing,1160.0,56.0
1002357,München,Real Market Listing,1049.0,43.0
1005219,Berlin,Real Market Listing,379.0,37.0
1000737,Berlin,Real Market Listing,660.0,36.0
1005557,Berlin,Real Market Listing,639.0,58.34
1005339,Berlin,Real Market Listing,680.0,14.0
1003659,Berlin,Real Market Listing,470.0,19.5
1001934,Hamburg,Real Market Listing,610.0,51.33
1002925,Köln,Real Market Listing,690.0,17.0
1002763,Berlin,Real Market Listing,850.0,52.4
1006077,Köln,Real Market Listing,680.0,57.0
1006241,Köln,Real Market Listing,980.0,40.0
1001869,München,Real Market Listing,1050.0,51.4
1002966,Hamburg,Real Market Listing,1150.0,56.5
1001210,Berlin,Real Market Listing,542.1,27.8
1003377,Berlin,Real Market Listing,625.0,39.37
1001095,Hamburg,Real Market Listing,899.0,54.85
1005574,München,Real Market Listing,1130.0,18.0
1005333,Köln,Real Market Listing,890.0,57.0
1003759,München,Real Market Listing,740.0,22.6
1003715,München,Real Market Listing,1150.0,17.0
1004703,Berlin,Real Market Listing,384.13,57.31
1005716,Berlin,Real Market Listing,420.0,36.08
1001612,Berlin,Real Market Listing,970.0,50.21
1000978,Hamburg,Real Market Listing,278.07,44.85
1004671,Berlin,Real Market Listing,658.0,57.16
1004633,Berlin,Real Market Listing,549.0,44.0
1005370,Berlin,Real Market Listing,470.0,19.35
1005673,Hamburg,Real Market Listing,366.36,42.6
1000487,München,Real Market Listing,1250.0,59.0
1002119,Hamburg,Real Market Listing,586.25,46.9
1006427,Berlin,Real Market Listing,447.52,43.08
1000344,Berlin,Real Market Listing,334.0,37.28
1002627,Berlin,Real Market Listing,675.0,27.0
1006063,Hamburg,Real Market Listing,1285.0,58.35
1000911,Berlin,Real Market Listing,612.0,51.0
1001041,Köln,Real Market Listing,440.0,49.0
1000047,Berlin,Real Market Listing,1100.0,58.3
1002840,Köln,Real Market Listing,708.55,37.0
1005666,Hamburg,Real Market Listing,660.0,53.63
1001350,Berlin,Real Market Listing,539.59,55.1
1000443,Köln,Real Market Listing,500.0,54.0
1002063,Berlin,Real Market Listing,500.0,18.7
1001061,Berlin,Real Market Listing,347.33,48.92
1001451,Köln,Real Market Listing,725.0,52.0
1004098,Potsdam,Real Market Listing,524.7,47.62
1002987,Hamburg,Real Market Listing,740.0,14.0
1003534,München,Real Market Listing,1015.0,53.0
1002589,Berlin,Real Market Listing,619.0,46.0
1005834,Berlin,Real Market Listing,561.0,20.5
1004984,Köln,Real Market Listing,677.29,59.1
1001789,Berlin,Real Market Listing,899.0,53.0
1002080,Berlin,Real Market Listing,750.0,21.0
1006148,München,Real Market Listing,890.0,42.0
1001055,Berlin,Real Market Listing,316.81,39.78
1000848,Köln,Real Market Listing,350.0,23.0
1002803,Hamburg,Real Market Listing,600.0,56.0
1003207,Berlin,Real Market Listing,670.0,17.0
1003379,Hamburg,Real Market Listing,590.0,53.44
1004954,München,Real Market Listing,1150.0,33.0
1001294,Berlin,Real Market Listing,670.0,39.94
1006370,Berlin,Real Market Listing,860.0,38.35
1003706,Köln,Real Market Listing,710.59,38.09
1005824,München,Real Market Listing,750.0,25.0
1006116,Köln,Real Market Listing,750.0,20.0
1004669,Berlin,Real Market Listing,490.0,55.55
1004829,Hamburg,Real Market Listing,1035.0,54.5
1001945,Berlin,Real Market Listing,750.0,57.0
1001112,Köln,Real Market Listing,680.0,55.0
1004901,Hamburg,Real Market Listing,1230.0,52.0
1000776,Berlin,Real Market Listing,1010.0,17.0
1006192,München,Real Market Listing,1050.0,26.0
1000183,Berlin,Real Market Listing,770.0,25.0
1005798,Köln,Real Market Listing,1350.0,42.0
1004466,Berlin,Real Market Listing,695.0,55.6
1004428,Hamburg,Real Market Listing,618.0,24.0
1004194,Berlin,Real Market Listing,754.0,58.0
1001513,Berlin,Real Market Listing,900.34,39.75
1002057,Köln,Real Market Listing,655.0,56.1
1000734,Köln,Real Market Listing,590.0,48.0
1004462,Hamburg,Real Market Listing,554.25,56.73
1006172,Köln,Real Market Listing,420.0,33.0
1001168,Berlin,Real Market Listing,445.63,54.16
1004480,Hamburg,Real Market Listing,526.0,54.0
1005825,Hamburg,Real Market Listing,1250.0,45.0
1005144,Hamburg,Real Market Listing,590.0,50.0
1004855,Berlin,Real Market Listing,780.0,55.0
1004302,Berlin,Real Market Listing,571.64,52.3
1005132,Potsdam,Real Market Listing,547.05,52.1
1003365,Hamburg,Real Market Listing,630.0,53.0
1002582,Berlin,Real Market Listing,655.0,46.8
1000485,München,Real Market Listing,990.0,38.0
1006208,Hamburg,Real Market Listing,280.0,25.0
1000452,Berlin,Real Market Listing,597.0,47.0
1004404,München,Real Market Listing,900.0,48.0
1000095,München,Real Market Listing,1050.0,35.71
1003353,Berlin,Real Market Listing,454.0,31.83
1005007,München,Real Market Listing,700.0,23.0
1003488,Hamburg,Real Market Listing,550.0,50.0
1000030,Berlin,Real Market Listing,990.0,59.54
1001665,Berlin,Real Market Listing,483.48,32.0
1000789,Berlin,Real Market Listing,800.0,27.4
1002917,München,Real Market Listing,840.0,56.5
1004093,Köln,Real Market Listing,620.0,35.0
1004882,Berlin,Real Market Listing,673.0,37.39
1001805,München,Real Market Listing,510.0,29.9
1002287,Berlin,Real Market Listing,990.0,53.0
1001755,Berlin,Real Market Listing,449.15,56.91
1001539,München,Real Market Listing,1450.0,47.16
1001109,Berlin,Real Market Listing,730.0,36.54
1000100,Berlin,Real Market Listing,850.0,29.0
1006020,Köln,Real Market Listing,1100.0,45.0
1002835,Berlin,Real Market Listing,445.6,55.7
1003767,Berlin,Real Market Listing,529.0,43.0
1001443,Köln,Real Market Listing,440.0,39.0
1004280,Berlin,Real Market Listing,415.98,54.59
1005715,Berlin,Real Market Listing,629.2,57.2
1005858,Berlin,Real Market Listing,490.0,49.0
1005482,Hamburg,Real Market Listing,839.0,53.0
1001083,Köln,Real Market Listing,500.0,50.0
1005996,Köln,Real Market Listing,699.0,56.0
1000861,Berlin,Real Market Listing,726.63,55.2
1002677,Berlin,Real Market Listing,400.0,48.0
1000903,München,Real Market Listing,850.0,40.87
1002874,Berlin,Real Market Listing,478.2,31.88
1000109,München,Real Market Listing,590.0,22.0
1004639,Hamburg,Real Market Listing,640.0,50.0
1001964,Köln,Real Market Listing,680.0,59.0
1005491,München,Real Market Listing,940.0,48.0
1006524,Köln,Real Market Listing,780.0,40.24
1006385,Hamburg,Real Market Listing,750.0,32.0
1003250,Berlin,Real Market Listing,260.09,32.0
1005326,Berlin,Real Market Listing,345.38,44.11
1003158,Hamburg,Real Market Listing,652.0,50.18
1000782,Köln,Real Market Listing,700.0,57.0
1006397,Berlin,Real Market Listing,607.0,51.62
1000927,Berlin,Real Market Listing,650.0,52.0
1003063,München,Real Market Listing,650.0,20.0
1004560,München,Real Market Listing,785.0,31.0
1003901,Berlin,Real Market Listing,1105.0,55.0
1004724,Berlin,Real Market Listing,931.0,57.0
1001747,Berlin,Real Market Listing,480.0,32.0
1002464,Köln,Real Market Listing,860.0,53.0
1006151,Hamburg,Real Market Listing,446.0,12.0
1004348,Berlin,Real Market Listing,417.74,57.32
1001094,Hamburg,Real Market Listing,780.0,59.0
1001121,Berlin,Real Market Listing,1060.29,57.82
1005852,Köln,Real Market Listing,350.0,28.0
1003148,Berlin,Real Market Listing,1245.0,45.0
1004871,Berlin,Real Market Listing,710.0,36.0
1003978,Berlin,Real Market Listing,521.0,21.0
1000809,Berlin,Real Market Listing,679.42,59.08
1001832,Hamburg,Real Market Listing,720.0,41.0
1004993,Hamburg,Real Market Listing,445.0,53.0
1006336,Berlin,Real Market Listing,300.0,35.57
1001654,Berlin,Real Market Listing,421.65,58.66
1006350,Berlin,Real Market Listing,708.0,59.0
1006451,Berlin,Real Market Listing,740.0,52.0
1006344,Berlin,Real Market Listing,718.38,45.17
1001963,München,Real Market Listing,1350.0,36.0
1005004,Potsdam,Real Market Listing,340.0,20.57
1006168,München,Real Market Listing,790.0,41.3
1002775,Berlin,Real Market Listing,500.0,18.2
1001951,München,Real Market Listing,1300.0,56.0
1004538,Köln,Real Market Listing,850.0,27.0
1002732,München,Real Market Listing,950.0,51.31
1004176,München,Real Market Listing,1000.0,40.0
1004751,Berlin,Real Market Listing,950.0,56.0
1002154,Hamburg,Real Market Listing,671.0,46.0
1002517,München,Real Market Listing,899.0,35.48
1003400,Hamburg,Real Market Listing,382.0,34.0
1003575,Berlin,Real Market Listing,1200.0,53.08
1003085,Berlin,Real Market Listing,450.92,52.13
1001839,Hamburg,Real Market Listing,595.0,53.0
1005184,Köln,Real Market Listing,960.0,55.0
1000087,München,Real Market Listing,1300.0,27.0
1002952,Hamburg,Real Market Listing,1180.0,51.2
1001204,München,Real Market Listing,1100.0,40.0
1006141,München,Real Market Listing,1050.0,13.0
1002273,Berlin,Real Market Listing,540.0,49.0
1003529,Hamburg,Real Market Listing,643.1,59.0
1005038,Potsdam,Real Market Listing,540.0,37.0
1003149,Berlin,Real Market Listing,395.0,28.0
1002173,München,Real Market Listing,1000.0,22.0
1006518,München,Real Market Listing,870.0,33.7
1000518,Berlin,Real Market Listing,463.65,42.15
1001770,Hamburg,Real Market Listing,360.0,28.25
1000829,München,Real Market Listing,970.0,32.39
1002981,München,Real Market Listing,760.0,27.0
1003837,München,Real Market Listing,1200.0,50.0
1000438,Berlin,Real Market Listing,565.0,35.7
1000627,Hamburg,Real Market Listing,441.0,33.4
1006294,München,Real Market Listing,550.0,31.0
1003555,Berlin,Real Market Listing,496.0,55.05
1001744,Köln,Real Market Listing,780.0,58.0
1000925,Köln,Real Market Listing,500.0,59.0
1005340,Hamburg,Real Market Listing,825.0,49.0
1000295,Hamburg,Real Market Listing,1410.15,55.3
1001052,Berlin,Real Market Listing,826.0,39.55
1006171,Berlin,Real Market Listing,570.0,53.77
1002929,Berlin,Real Market Listing,804.94,41.57
1001173,Berlin,Real Market Listing,467.94,54.82
1003880,Hamburg,Real Market Listing,585.0,54.0
1003058,Berlin,Real Market Listing,482.0,43.8
1001561,Hamburg,Real Market Listing,710.0,59.74
1002705,Berlin,Real Market Listing,725.0,33.28
1003034,Köln,Real Market Listing,455.0,23.95
1000944,Potsdam,Real Market Listing,391.6,35.6
1005195,Berlin,Real Market Listing,563.0,59.34
1005687,Berlin,Real Market Listing,233.74,32.5
1000012,München,Real Market Listing,1250.0,29.0
1001117,Köln,Real Market Listing,440.0,22.0
1006185,Berlin,Real Market Listing,543.89,57.8
1003074,Berlin,Real Market Listing,550.0,52.18
1003221,Berlin,Real Market Listing,650.0,39.06
1000642,München,Real Market Listing,1020.0,18.0
1001912,Berlin,Real Market Listing,1235.0,44.91
1005753,Berlin,Real Market Listing,720.0,38.18
1003792,Berlin,Real Market Listing,500.0,35.0
1003211,Berlin,Real Market Listing,569.0,59.26
1001319,Berlin,Real Market Listing,550.0,49.0
1001864,Berlin,Real Market Listing,330.0,36.0
1004031,Berlin,Real Market Listing,592.2,56.4
1005985,Köln,Real Market Listing,531.42,25.31
1006520,Berlin,Real Market Listing,1200.0,44.0
1005775,Berlin,Real Market Listing,675.0,27.0
1005924,Potsdam,Real Market Listing,284.81,40.98
1002728,Köln,Real Market Listing,400.0,41.0
1004006,Hamburg,Real Market Listing,397.98,36.18
1005421,Berlin,Real Market Listing,470.0,17.0
1000653,Berlin,Real Market Listing,540.0,36.63
1000429,Berlin,Real Market Listing,775.0,48.31
1002138,Köln,Real Market Listing,700.0,44.0
1002163,Berlin,Real Market Listing,630.0,42.0
1003024,Hamburg,Real Market Listing,672.0,56.0
1002619,Köln,Real Market Listing,715.0,32.0
1003017,Berlin,Real Market Listing,780.0,51.98
1003406,München,Real Market Listing,1360.0,43.0
1005028,Berlin,Real Market Listing,650.0,40.0
1005668,Berlin,Real Market Listing,1190.0,56.91
1002462,Berlin,Real Market Listing,391.13,52.43
1002647,Berlin,Real Market Listing,695.0,30.05
1000838,Berlin,Real Market Listing,1100.0,53.83
1001087,Berlin,Real Market Listing,510.0,40.0
1003182,Hamburg,Real Market Listing,750.0,42.78
1006028,München,Real Market Listing,770.0,30.0
1006503,Berlin,Real Market Listing,510.0,53.0
1004758,Berlin,Real Market Listing,540.08,33.76
1004527,Berlin,Real Market Listing,482.03,50.74
1000856,Berlin,Real Market Listing,662.1,44.14
1002509,Berlin,Real Market Listing,900.0,59.0
1005030,Berlin,Real Market Listing,439.0,59.0
1001448,Köln,Real Market Listing,725.0,51.94
1004100,München,Real Market Listing,750.0,43.0
1005153,Hamburg,Real Market Listing,548.0,51.0
1002812,Berlin,Real Market Listing,771.0,55.0
1002199,Hamburg,Real Market Listing,917.0,53.96
1002910,München,Real Market Listing,1100.0,56.57
1002873,Berlin,Real Market Listing,459.0,20.3
1004941,München,Real Market Listing,480.0,22.0
1001745,Berlin,Real Market Listing,460.0,19.5
1000693,Berlin,Real Market Listing,482.6,24.13
1002949,Berlin,Real Market Listing,924.0,50.16
1006541,München,Real Market Listing,800.0,24.0
1003733,Berlin,Real Market Listing,1300.0,34.0
1000188,Köln,Real Market Listing,510.0,30.4
1000287,Hamburg,Real Market Listing,675.0,59.46
1001738,Hamburg,Real Market Listing,738.0,52.7
1004063,Berlin,Real Market Listing,599.0,38.89
1003257,Berlin,Real Market Listing,1036.08,57.56
1006499,Berlin,Real Market Listing,491.0,41.0
1000169,Berlin,Real Market Listing,567.0,42.49
1004050,Köln,Real Market Listing,725.0,49.0
1003704,Berlin,Real Market Listing,284.48,37.93
1003439,München,Real Market Listing,595.0,35.0
1005296,Berlin,Real Market Listing,450.0,55.78
1001684,Berlin,Real Market Listing,291.0,36.8
1001586,Berlin,Real Market Listing,750.0,57.47
1004245,Hamburg,Real Market Listing,575.5,56.89
1001338,München,Real Market Listing,930.0,32.5
1003933,München,Real Market Listing,1295.0,54.0
1001732,München,Real Market Listing,1030.0,30.33
1005822,Berlin,Real Market Listing,329.41,32.55
1003431,Berlin,Real Market Listing,585.0,25.1
1005806,Köln,Real Market Listing,990.0,40.0
1005099,Hamburg,Real Market Listing,660.09,19.79
1002569,Köln,Real Market Listing,420.0,30.0
1006508,Berlin,Real Market Listing,678.0,28.9
1000210,München,Real Market Listing,709.0,24.0
1003217,München,Real Market Listing,600.0,27.0
1003208,München,Real Market Listing,920.0,54.0
1006233,Berlin,Real Market Listing,799.64,57.24
1005012,Berlin,Real Market Listing,560.0,45.0
1006383,Berlin,Real Market Listing,415.0,47.51
1000073,Hamburg,Real Market Listing,950.0,53.0
1003129,Berlin,Real Market Listing,650.0,27.0
1003016,Berlin,Real Market Listing,334.21,30.49
1005129,Hamburg,Real Market Listing,1110.0,58.0
1005783,Hamburg,Real Market Listing,660.0,58.3
1001564,München,Real Market Listing,1100.0,35.0
1003939,Berlin,Real Market Listing,798.0,44.0
1005559,Berlin,Real Market Listing,279.14,46.0
1004294,Köln,Real Market Listing,780.0,55.0
1002104,Hamburg,Real Market Listing,530.0,53.0
1003938,Hamburg,Real Market Listing,610.0,31.5
1006159,Köln,Real Market Listing,740.0,44.67
1001876,Köln,Real Market Listing,725.0,51.94
1002570,Berlin,Real Market Listing,495.0,40.0
1001231,Köln,Real Market Listing,600.0,40.0
1004096,Hamburg,Real Market Listing,520.0,35.0
1004591,Berlin,Real Market Listing,711.0,59.0
1001465,Hamburg,Real Market Listing,450.0,38.0
1001258,Berlin,Real Market Listing,325.98,36.22
1002398,München,Real Market Listing,1200.0,38.0
1006403,München,Real Market Listing,1190.0,53.04
1001718,Berlin,Real Market Listing,548.0,54.82
1001379,Hamburg,Real Market Listing,675.0,40.31
1006086,München,Real Market Listing,770.0,49.5
1003414,Berlin,Real Market Listing,545.0,40.41
1000113,Hamburg,Real Market Listing,620.0,51.0
1005547,München,Real Market Listing,1040.0,53.0
1004716,Berlin,Real Market Listing,351.71,46.69
1001438,München,Real Market Listing,568.16,40.67
1006485,Köln,Real Market Listing,673.79,35.79
1003802,Köln,Real Market Listing,790.0,28.0
1002402,Berlin,Real Market Listing,420.0,57.0
1003519,Berlin,Real Market Listing,500.0,50.0
1006313,Berlin,Real Market Listing,900.26,54.54
1000507,München,Real Market Listing,900.0,57.0
1002344,München,Real Market Listing,700.0,32.0
1003731,Potsdam,Real Market Listing,470.0,26.0
1006435,München,Real Market Listing,800.0,33.0
1002350,Berlin,Real Market Listing,670.0,42.66
1004728,Berlin,Real Market Listing,1150.0,43.0
1002926,Köln,Real Market Listing,550.0,41.0
1002753,Hamburg,Real Market Listing,820.0,55.0
1005785,Berlin,Real Market Listing,999.0,55.0
1005652,Köln,Real Market Listing,1200.0,54.0
1000252,Berlin,Real Market Listing,551.25,31.5
1001423,Berlin,Real Market Listing,439.19,47.83
1003742,Köln,Real Market Listing,220.0,18.0
1000350,Potsdam,Real Market Listing,701.12,50.08
1004558,Berlin,Real Market Listing,373.21,51.72
1004257,Köln,Real Market Listing,385.0,33.0
1003039,Berlin,Real Market Listing,605.0,23.08
1005074,Berlin,Real Market Listing,781.0,55.97
1000457,München,Real Market Listing,1195.0,39.0
1003796,Berlin,Real Market Listing,476.0,56.0
1000479,Berlin,Real Market Listing,549.0,50.0
1001114,München,Real Market Listing,1195.0,50.0
1000798,Berlin,Real Market Listing,548.0,26.11
1004700,München,Real Market Listing,1160.0,56.0
1000298,Berlin,Real Market Listing,888.9,59.26
1005417,München,Real Market Listing,563.92,41.71
1003433,Berlin,Real Market Listing,650.0,51.0
1000026,Berlin,Real Market Listing,764.0,46.34
1005114,Berlin,Real Market Listing,1100.0,55.85
1003615,Berlin,Real Market Listing,1117.51,59.92
1001791,München,Real Market Listing,790.0,52.0
1004945,Hamburg,Real Market Listing,540.0,44.9
1005117,Hamburg,Real Market Listing,820.5,59.9
1003528,Berlin,Real Market Listing,460.0,44.0
1001287,München,Real Market Listing,760.0,28.0
1001281,Berlin,Real Market Listing,580.0,59.9
1005935,München,Real Market Listing,1150.0,25.0
1000229,Berlin,Real Market Listing,838.0,43.1
1003912,Köln,Real Market Listing,990.0,40.0
1002473,Berlin,Real Market Listing,1059.3,48.15
1005446,Berlin,Real Market Listing,460.0,19.5
1003105,Köln,Real Market Listing,285.8,41.0
1003437,Berlin,Real Market Listing,869.0,43.25
1003484,München,Real Market Listing,1090.0,31.56
1006214,München,Real Market Listing,487.06,33.36
1005069,München,Real Market Listing,700.0,33.0
1004189,Berlin,Real Market Listing,356.25,40.84
1005619,Berlin,Real Market Listing,599.33,51.8
1005137,Berlin,Real Market Listing,261.38,32.55
1002431,Hamburg,Real Market Listing,569.0,35.6
1004949,Hamburg,Real Market Listing,447.0,37.21
1002299,Berlin,Real Market Listing,907.0,55.0
1005760,Potsdam,Real Market Listing,670.0,47.0
1003481,Berlin,Real Market Listing,930.0,15.0
1005385,Berlin,Real Market Listing,554.0,37.8
1004350,Berlin,Real Market Listing,485.55,45.5
1001614,Potsdam,Real Market Listing,658.38,57.25
1003593,München,Real Market Listing,999.0,39.96
1000607,Berlin,Real Market Listing,400.0,33.0
1003102,Berlin,Real Market Listing,700.0,16.0
1004977,Berlin,Real Market Listing,590.0,43.36
1005185,München,Real Market Listing,558.66,56.43
1000533,Berlin,Real Market Listing,400.0,18.0
1003781,Berlin,Real Market Listing,542.69,59.87
1002177,Berlin,Real Market Listing,435.46,43.59
1005290,Berlin,Real Market Listing,455.0,19.5
1006437,Hamburg,Real Market Listing,950.0,55.0
1003264,Hamburg,Real Market Listing,830.0,37.29
1003960,Berlin,Real Market Listing,450.0,18.0
1000203,Hamburg,Real Market Listing,612.44,52.25
1000339,Berlin,Real Market Listing,650.0,41.21
1003982,München,Real Market Listing,610.0,21.96
1002458,Köln,Real Market Listing,1150.0,50.0
1000837,Berlin,Real Market Listing,720.0,52.0
1006323,Berlin,Real Market Listing,610.0,56.95
1004666,Berlin,Real Market Listing,755.0,51.97
1004696,München,Real Market Listing,1000.0,38.0
1000387,Berlin,Real Market Listing,429.0,19.5
1005436,München,Real Market Listing,795.0,38.35
1004956,München,Real Market Listing,620.0,22.66
1003479,Hamburg,Real Market Listing,362.0,57.77
1003094,Berlin,Real Market Listing,515.0,47.0
1001609,Berlin,Real Market Listing,710.0,47.34
